<environmentvariabledefinition schemaname="new_AXA_Email">
  <description default="this value set for which users send email for client required">
    <label description="this value set for which users send email for client required" languagecode="1033" />
  </description>
  <displayname default="AXA_ConfigureEmail">
    <label description="AXA_ConfigureEmail" languagecode="1033" />
  </displayname>
  <introducedversion>1.0.0.0</introducedversion>
  <iscustomizable>1</iscustomizable>
  <isrequired>0</isrequired>
  <secretstore>0</secretstore>
  <type>100000000</type>
</environmentvariabledefinition>