<environmentvariabledefinition schemaname="new_AXA_NewCSS">
  <defaultvalue>&lt;style&gt;body{font-family:"Segoe UI",Roboto,Arial,sans-serif;background-color:#f4f6f8;margin:0;padding:0;color:#333}.email-container{width:100%;max-width:700px;margin:auto;background:#fff;border:1px solid #e0e0e0;border-radius:10px;overflow:hidden;box-shadow:0 4px 10px rgb(0 0 0 / .05)}.email-header{background-color:#004aad;color:#fff;padding:18px 24px;font-size:22px;font-weight:600;letter-spacing:.3px}.email-body{padding:24px;font-size:15px;line-height:1.6}.ticket-info{background:#fafafa;border:1px solid #e0e0e0;padding:15px;margin:20px 0;font-size:14px;border-radius:6px}.email-footer{background-color:#f9fafb;font-size:12px;color:#777;padding:16px 20px;text-align:center;border-top:1px solid #e0e0e0}.email-body table{width:100%;border-collapse:collapse;margin:20px 0;font-size:14px;table-layout:auto}.email-body th,.email-body td{border:1px solid #e0e0e0;padding:12px;text-align:left;word-wrap:break-word}.email-body th{background-color:#004aad;color:#fff;font-weight:600;font-size:14px}.email-body tr:nth-child(even){background-color:#f9f9f9}.email-body tr:hover{background-color:#f1f5ff}&lt;/style&gt;</defaultvalue>
  <displayname default="AXA_EmailCSS">
    <label description="AXA_EmailCSS" languagecode="1033" />
  </displayname>
  <introducedversion>1.0.0.0</introducedversion>
  <iscustomizable>1</iscustomizable>
  <isrequired>0</isrequired>
  <secretstore>0</secretstore>
  <type>100000000</type>
</environmentvariabledefinition>