{
  "properties": {
    "connectionReferences": {
      "shared_sharepointonline": {
        "runtimeSource": "embedded",
        "connection": {
          "connectionReferenceLogicalName": "new_sharedsharepointonline_f0b2a"
        },
        "api": {
          "name": "shared_sharepointonline"
        }
      },
      "shared_office365": {
        "runtimeSource": "embedded",
        "connection": {
          "connectionReferenceLogicalName": "new_sharedoffice365_17067"
        },
        "api": {
          "name": "shared_office365"
        }
      },
      "shared_teams": {
        "runtimeSource": "embedded",
        "connection": {
          "connectionReferenceLogicalName": "new_sharedteams_181e8"
        },
        "api": {
          "name": "shared_teams"
        }
      }
    },
    "definition": {
      "$schema": "https://schema.management.azure.com/providers/Microsoft.Logic/schemas/2016-06-01/workflowdefinition.json#",
      "contentVersion": "1.0.0.0",
      "parameters": {
        "$authentication": {
          "defaultValue": {},
          "type": "SecureObject"
        },
        "$connections": {
          "defaultValue": {},
          "type": "Object"
        },
        "SP_SiteURL (new_SP_SiteURL)": {
          "defaultValue": "https://ranosys.sharepoint.com/sites/AXA-ResourceRequestingSystem",
          "type": "String",
          "metadata": {
            "schemaName": "new_SP_SiteURL",
            "description": "Share Point Env Site URL"
          }
        },
        "AXA_EmailCSS (new_AXA_NewCSS)": {
          "defaultValue": "<style>body{font-family:\"Segoe UI\",Roboto,Arial,sans-serif;background-color:#f4f6f8;margin:0;padding:0;color:#333}.email-container{width:100%;max-width:700px;margin:auto;background:#fff;border:1px solid #e0e0e0;border-radius:10px;overflow:hidden;box-shadow:0 4px 10px rgb(0 0 0 / .05)}.email-header{background-color:#004aad;color:#fff;padding:18px 24px;font-size:22px;font-weight:600;letter-spacing:.3px}.email-body{padding:24px;font-size:15px;line-height:1.6}.ticket-info{background:#fafafa;border:1px solid #e0e0e0;padding:15px;margin:20px 0;font-size:14px;border-radius:6px}.email-footer{background-color:#f9fafb;font-size:12px;color:#777;padding:16px 20px;text-align:center;border-top:1px solid #e0e0e0}.email-body table{width:100%;border-collapse:collapse;margin:20px 0;font-size:14px;table-layout:auto}.email-body th,.email-body td{border:1px solid #e0e0e0;padding:12px;text-align:left;word-wrap:break-word}.email-body th{background-color:#004aad;color:#fff;font-weight:600;font-size:14px}.email-body tr:nth-child(even){background-color:#f9f9f9}.email-body tr:hover{background-color:#f1f5ff}</style>",
          "type": "String",
          "metadata": {
            "schemaName": "new_AXA_NewCSS"
          }
        },
        "AXA_Email (new_AXA_Email)": {
          "defaultValue": "yogesh.asopa@ranosys.com",
          "type": "String",
          "metadata": {
            "schemaName": "new_AXA_Email",
            "description": "this value set for which users send email for client required"
          }
        }
      },
      "triggers": {
        "manual": {
          "metadata": {
            "operationMetadataId": "852fe1c3-a51c-4bcf-81ef-d58e08cd832b"
          },
          "type": "Request",
          "kind": "Button",
          "inputs": {
            "schema": {
              "type": "object",
              "properties": {
                "text_1": {
                  "title": "TaskUserRoleName",
                  "type": "string",
                  "x-ms-dynamically-added": true,
                  "description": "Please enter action name ",
                  "x-ms-content-hint": "TEXT"
                },
                "number": {
                  "description": "Please enter a number",
                  "title": "RequestId",
                  "type": "number",
                  "x-ms-content-hint": "NUMBER",
                  "x-ms-dynamically-added": true
                },
                "text": {
                  "description": "Please enter Immediate Manager",
                  "title": "ImmediateManager",
                  "type": "string",
                  "x-ms-content-hint": "TEXT",
                  "x-ms-dynamically-added": true
                }
              },
              "required": [
                "text_1",
                "number",
                "text"
              ]
            }
          },
          "conditions": []
        }
      },
      "actions": {
        "try": {
          "actions": {
            "GetEmployeeByRole": {
              "runAfter": {
                "roleSetting": [
                  "Succeeded"
                ]
              },
              "type": "OpenApiConnection",
              "inputs": {
                "parameters": {
                  "dataset": "@parameters('SP_SiteURL (new_SP_SiteURL)')",
                  "table": "e4de9473-798e-4dff-aaf6-fa251f7c60e3",
                  "$filter": "Role/Title eq '@{outputs('roleSetting')}'"
                },
                "host": {
                  "apiId": "/providers/Microsoft.PowerApps/apis/shared_sharepointonline",
                  "operationId": "GetItems",
                  "connectionName": "shared_sharepointonline"
                }
              }
            },
            "GetOffBoardingRequestById": {
              "runAfter": {
                "GetEmployeeByRole": [
                  "Succeeded"
                ]
              },
              "type": "OpenApiConnection",
              "inputs": {
                "parameters": {
                  "dataset": "@parameters('SP_SiteURL (new_SP_SiteURL)')",
                  "table": "028dc967-f115-4995-b731-7132f49a4a39",
                  "id": "@triggerBody()?['number']"
                },
                "host": {
                  "apiId": "/providers/Microsoft.PowerApps/apis/shared_sharepointonline",
                  "operationId": "GetItem",
                  "connectionName": "shared_sharepointonline"
                }
              }
            },
            "GetRequestTaskByCategory": {
              "runAfter": {
                "Create_All_Task_HTML_table": [
                  "Succeeded"
                ]
              },
              "type": "OpenApiConnection",
              "inputs": {
                "parameters": {
                  "dataset": "@parameters('SP_SiteURL (new_SP_SiteURL)')",
                  "table": "26d53b4b-8ad6-44dc-b22a-a614f9cdcf1c",
                  "$filter": "Category eq '@{outputs('TaskUserRoleSet')}'"
                },
                "host": {
                  "apiId": "/providers/Microsoft.PowerApps/apis/shared_sharepointonline",
                  "operationId": "GetItems",
                  "connectionName": "shared_sharepointonline"
                }
              }
            },
            "Create_HTML_table": {
              "runAfter": {
                "GetRequestTaskByCategory": [
                  "Succeeded"
                ]
              },
              "type": "Table",
              "inputs": {
                "from": "@outputs('GetRequestTaskByCategory')?['body/value']",
                "format": "HTML",
                "columns": [
                  {
                    "header": "Task",
                    "value": "@item()?['OffBoardingTaskName']"
                  },
                  {
                    "header": "Status",
                    "value": "@item()?['Status/Value']"
                  },
                  {
                    "header": "Remark",
                    "value": "@item()?['Remark']"
                  }
                ]
              }
            },
            "Respond_to_a_Power_App_or_flow": {
              "runAfter": {
                "Apply_to_each": [
                  "Succeeded"
                ]
              },
              "type": "Response",
              "kind": "PowerApp",
              "inputs": {
                "schema": {
                  "type": "object",
                  "properties": {
                    "status_code": {
                      "title": "Status Code",
                      "type": "string",
                      "x-ms-content-hint": "TEXT",
                      "x-ms-dynamically-added": true
                    }
                  },
                  "additionalProperties": {}
                },
                "statusCode": 200,
                "body": {
                  "status_code": "200"
                }
              }
            },
            "roleSetting": {
              "runAfter": {
                "EmailCSS": [
                  "Succeeded"
                ]
              },
              "type": "Compose",
              "inputs": "@triggerBody()?['text_1']\r\n"
            },
            "Condition": {
              "actions": {
                "GetRequestTaskByImmediateUser": {
                  "type": "OpenApiConnection",
                  "inputs": {
                    "parameters": {
                      "dataset": "@parameters('SP_SiteURL (new_SP_SiteURL)')",
                      "table": "26d53b4b-8ad6-44dc-b22a-a614f9cdcf1c",
                      "$filter": "Category eq '@{triggerBody()?['text']}' and OffBoardingRequestId eq @{outputs('GetOffBoardingRequestById')?['body/ID']}"
                    },
                    "host": {
                      "apiId": "/providers/Microsoft.PowerApps/apis/shared_sharepointonline",
                      "operationId": "GetItems",
                      "connectionName": "shared_sharepointonline"
                    }
                  }
                },
                "ImmediateManager_table": {
                  "runAfter": {
                    "GetRequestTaskByImmediateUser": [
                      "Succeeded"
                    ]
                  },
                  "type": "Table",
                  "inputs": {
                    "from": "@outputs('GetRequestTaskByImmediateUser')?['body/value']",
                    "format": "HTML",
                    "columns": [
                      {
                        "header": "Task",
                        "value": "@item()?['OffBoardingTaskName']"
                      },
                      {
                        "header": "Status",
                        "value": "@item()?['Status/Value']"
                      },
                      {
                        "header": "Remark",
                        "value": "@item()?['Remark']"
                      }
                    ]
                  }
                }
              },
              "runAfter": {
                "TaskUserRoleSet": [
                  "Succeeded"
                ]
              },
              "else": {
                "actions": {}
              },
              "expression": {
                "and": [
                  {
                    "not": {
                      "equals": [
                        "@triggerBody()?['text']",
                        "@''"
                      ]
                    }
                  }
                ]
              },
              "type": "If"
            },
            "EmailCSS": {
              "type": "Compose",
              "inputs": "@parameters('AXA_EmailCSS (new_AXA_NewCSS)')"
            },
            "Apply_to_each": {
              "foreach": "@outputs('GetEmployeeByRole')?['body/value']",
              "actions": {
                "Task_User_Email_Html": {
                  "type": "Compose",
                  "inputs": "<!DOCTYPE html>\n<html>\n<head>\n<meta charset=\"UTF-8\">\n@{outputs('EmailCSS')}\n</head>\n<body>\n  <div class=\"email-container\">\n    <div class=\"email-header\">\n      Offboarding Request\n    </div>\n    <div class=\"email-body\">\n      <p>Hi @{items('Apply_to_each')?['FullName']} - Team (@{triggerBody()?['text_1']}),</p>\n\n      <p>An offboarding request has been submitted for your approval. Please review the details below:</p>\n      \n      <div class=\"ticket-info\">\n     <strong>Ticket ID:</strong> @{outputs('GetOffBoardingRequestById')?['body/RequestTicketNumber']}</br>\n     <strong>User Name:</strong> @{trim(\r\n   concat(\r\n      body('GetOffBoardingRequestById')?['FirstName'],\r\n      ' ',\r\n      coalesce(body('GetOffBoardingRequestById')?['MiddleName'], ''),\r\n      ' ',\r\n      body('GetOffBoardingRequestById')?['LastName']\r\n   )\r\n)}</br>\n     <strong>AXA Email:</strong> @{outputs('GetOffBoardingRequestById')?['body/AXAEmail']}</br>\n     <strong>Personal Email:</strong> @{outputs('GetOffBoardingRequestById')?['body/PersonalEmailAddress']}</br>\n     <strong>Personal Mobile:</strong> @{outputs('GetOffBoardingRequestById')?['body/PersonalMobile']}</br>\n     <strong>Department:</strong> @{body('GetOffBoardingRequestById')?['Department']?['DepartmentName']}</br>\n     <strong>OnBoarding Date : </strong> @{if(\r\n   empty(outputs('GetOffBoardingRequestById')?['body/OnboardingDate']),\r\n   '',\r\n   formatDateTime(outputs('GetOffBoardingRequestById')?['body/OnboardingDate'],'dd-MMM-yyyy')\r\n)\r\n}</br>\n     <strong>OffBoarding Date :</strong> @{if(\r\n   empty(outputs('GetOffBoardingRequestById')?['body/OffboardingDate']),\r\n   '',\r\n   formatDateTime(outputs('GetOffBoardingRequestById')?['body/OffboardingDate'],'dd-MMM-yyyy')\r\n)\r\n}</br>\n     <strong>Status:</strong> @{outputs('GetOffBoardingRequestById')?['body/Status/Value']} </br>\n</div>\n<div>\n\n@{if(\r\n   equals(outputs('GetOffBoardingRequestById')?['body/IsInternal'], 1),\r\n   concat(\r\n      '<strong>Immediate Manager Response Status</strong><br/>',\r\n      outputs('ImmediateManager_table')\r\n   ),\r\n   ''\r\n)}\n\n<strong>Task User Response Status</strong><br/>\n@{if(\r\n   and(\r\n      equals(outputs('GetOffBoardingRequestById')?['body/Status/Value'], 'In Progress'),\r\n      or(\r\n         equals(triggerBody()?['text_1'], 'HR Team'),\r\n         equals(triggerBody()?['text_1'], 'ETS Team')\r\n      )\r\n   ),\r\n   body('Create_All_Task_HTML_table'),\r\n   body('Create_HTML_table')\r\n)\r\n\r\n}\n\n<p>The offboarding workflow will proceed as per the defined process. You may be required to complete specific tasks as part of this request.</p>\n\n<p>Thank you for your attention and support in ensuring a smooth transition.</p>\n\n      <p>Best regards,</br>\n      AXA Team</p>\n    </div>\n    <div class=\"email-footer\">\n      This is an automated email. Please do not reply directly unless instructed.\n      &copy; @{formatDateTime(utcNow(), 'yyyy')} AXA\n    </div>\n  </div>\n</body>\n</html>\n"
                },
                "Send_an_email_(V2)": {
                  "runAfter": {
                    "Task_User_Email_Html": [
                      "Succeeded"
                    ]
                  },
                  "type": "OpenApiConnection",
                  "inputs": {
                    "parameters": {
                      "emailMessage/To": "@items('Apply_to_each')?['email']",
                      "emailMessage/Subject": "New Offboarding Request Submitted For Your Approval  @{outputs('GetOffBoardingRequestById')?['body/RequestTicketNumber']}",
                      "emailMessage/Body": "<p class=\"editor-paragraph\">@{outputs('Task_User_Email_Html')}</p>",
                      "emailMessage/Cc": "@coalesce(parameters('AXA_Email (new_AXA_Email)'), '')\r\n",
                      "emailMessage/Importance": "Normal"
                    },
                    "host": {
                      "apiId": "/providers/Microsoft.PowerApps/apis/shared_office365",
                      "operationId": "SendEmailV2",
                      "connectionName": "shared_office365"
                    }
                  }
                },
                "Post_message_in_a_chat_or_channel": {
                  "runAfter": {
                    "Send_an_email_(V2)": [
                      "Succeeded"
                    ]
                  },
                  "type": "OpenApiConnection",
                  "inputs": {
                    "parameters": {
                      "poster": "Flow bot",
                      "location": "Chat with Flow bot",
                      "body/recipient": "@items('Apply_to_each')?['email']",
                      "body/messageBody": "<p class=\"editor-paragraph\">Hi @{items('Apply_to_each')?['FullName']} - Team (@{triggerBody()?['text_1']}),<br><br>OffBoarding request @{outputs('GetOffBoardingRequestById')?['body/RequestTicketNumber']} is currently at the following status<br><br>User Name : @{trim(\r\n   concat(\r\n      body('GetOffBoardingRequestById')?['FirstName'],\r\n      ' ',\r\n      coalesce(body('GetOffBoardingRequestById')?['MiddleName'], ''),\r\n      ' ',\r\n      body('GetOffBoardingRequestById')?['LastName']\r\n   )\r\n)}<br>AXA Email : @{outputs('GetOffBoardingRequestById')?['body/AXAEmail']}<br>Personal Email : @{outputs('GetOffBoardingRequestById')?['body/PersonalEmailAddress']}<br>Personal Mobile : @{outputs('GetOffBoardingRequestById')?['body/PersonalMobile']}<br>Department : @{body('GetOffBoardingRequestById')?['Department']?['DepartmentName']}</p><p class=\"editor-paragraph\">Onboarding Date : @{formatDateTime(outputs('GetOffBoardingRequestById')?['body/OnboardingDate'],'dd-MMM-yyyy')}</p><p class=\"editor-paragraph\">Offboarding Date : @{formatDateTime(outputs('GetOffBoardingRequestById')?['body/OffboardingDate'],'dd-MMM-yyyy')}</p><p class=\"editor-paragraph\">Status : @{outputs('GetOffBoardingRequestById')?['body/Status/Value']}<br></p><br>"
                    },
                    "host": {
                      "apiId": "/providers/Microsoft.PowerApps/apis/shared_teams",
                      "operationId": "PostMessageToConversation",
                      "connectionName": "shared_teams"
                    }
                  }
                }
              },
              "runAfter": {
                "Create_HTML_table": [
                  "Succeeded"
                ]
              },
              "type": "Foreach"
            },
            "GetRequestAllTask": {
              "runAfter": {
                "Condition": [
                  "Succeeded",
                  "Failed"
                ]
              },
              "type": "OpenApiConnection",
              "inputs": {
                "parameters": {
                  "dataset": "@parameters('SP_SiteURL (new_SP_SiteURL)')",
                  "table": "26d53b4b-8ad6-44dc-b22a-a614f9cdcf1c",
                  "$filter": "Category ne '@{triggerBody()?['text']}' and OffBoardingRequestId eq @{outputs('GetOffBoardingRequestById')?['body/ID']}\n"
                },
                "host": {
                  "apiId": "/providers/Microsoft.PowerApps/apis/shared_sharepointonline",
                  "operationId": "GetItems",
                  "connectionName": "shared_sharepointonline"
                }
              }
            },
            "Create_All_Task_HTML_table": {
              "runAfter": {
                "GetRequestAllTask": [
                  "Succeeded"
                ]
              },
              "type": "Table",
              "inputs": {
                "from": "@outputs('GetRequestAllTask')?['body/value']",
                "format": "HTML",
                "columns": [
                  {
                    "header": "Task Onwer",
                    "value": "@item()?['Category']"
                  },
                  {
                    "header": "Task",
                    "value": "@item()?['OffBoardingTaskName']"
                  },
                  {
                    "header": "Status",
                    "value": "@item()?['Status/Value']"
                  },
                  {
                    "header": "Remark",
                    "value": "@item()?['Remark']"
                  }
                ]
              }
            },
            "TaskUserRoleSet": {
              "runAfter": {
                "GetOffBoardingRequestById": [
                  "Succeeded"
                ]
              },
              "type": "Compose",
              "inputs": "@if(\r\n   and(\r\n      equals(triggerBody()?['text_1'], 'HR Team'),\r\n      equals(outputs('GetOffBoardingRequestById')?['body/Status/Value'], 'Exit Clearance Progress')\r\n   ),\r\n   'HR Employee Relations',\r\n   triggerBody()?['text_1']\r\n)\r\n"
            }
          },
          "runAfter": {},
          "type": "Scope"
        },
        "catch": {
          "actions": {
            "Terminate": {
              "runAfter": {
                "Respond_to_a_Power_App_or_flow_1": [
                  "Succeeded"
                ]
              },
              "type": "Terminate",
              "inputs": {
                "runStatus": "Failed",
                "runError": {
                  "code": "404",
                  "message": "user not found"
                }
              }
            },
            "Respond_to_a_Power_App_or_flow_1": {
              "type": "Response",
              "kind": "PowerApp",
              "inputs": {
                "schema": {
                  "type": "object",
                  "properties": {
                    "status_code": {
                      "title": "Status Code",
                      "type": "string",
                      "x-ms-content-hint": "TEXT",
                      "x-ms-dynamically-added": true
                    }
                  },
                  "additionalProperties": {}
                },
                "statusCode": 200,
                "body": {
                  "status_code": "200"
                }
              }
            }
          },
          "runAfter": {
            "try": [
              "Failed",
              "Skipped",
              "TimedOut"
            ]
          },
          "type": "Scope"
        }
      },
      "outputs": {}
    },
    "templateName": null
  },
  "schemaVersion": "1.0.0.0"
}