{
  "properties": {
    "connectionReferences": {
      "shared_sharepointonline": {
        "api": {
          "name": "shared_sharepointonline"
        },
        "connection": {
          "connectionReferenceLogicalName": "new_sharedsharepointonline_f0b2a"
        },
        "runtimeSource": "embedded"
      },
      "shared_office365": {
        "api": {
          "name": "shared_office365"
        },
        "connection": {
          "connectionReferenceLogicalName": "new_sharedoffice365_17067"
        },
        "runtimeSource": "embedded"
      }
    },
    "definition": {
      "$schema": "https://schema.management.azure.com/providers/Microsoft.Logic/schemas/2016-06-01/workflowdefinition.json#",
      "contentVersion": "1.0.0.0",
      "parameters": {
        "$authentication": {
          "defaultValue": {},
          "type": "SecureObject"
        },
        "$connections": {
          "defaultValue": {},
          "type": "Object"
        },
        "SP_SiteURL (new_SP_SiteURL)": {
          "defaultValue": "https://ranosys.sharepoint.com/sites/AXA-ResourceRequestingSystem",
          "type": "String",
          "metadata": {
            "schemaName": "new_SP_SiteURL",
            "description": "Share Point Env Site URL"
          }
        },
        "SP_ErrorEmailUser (new_SP_ErrorEmailUser)": {
          "defaultValue": "yogesh.asopa@ranosys.com",
          "type": "String",
          "metadata": {
            "schemaName": "new_SP_ErrorEmailUser"
          }
        },
        "AXA_Email (new_AXA_Email)": {
          "defaultValue": "yogesh.asopa@ranosys.com",
          "type": "String",
          "metadata": {
            "schemaName": "new_AXA_Email",
            "description": "this value set for which users send email for client required"
          }
        }
      },
      "triggers": {
        "manual": {
          "type": "Request",
          "kind": "Button",
          "inputs": {
            "schema": {
              "type": "object",
              "properties": {
                "text": {
                  "title": "FlowName",
                  "type": "string",
                  "x-ms-dynamically-added": true,
                  "description": "Please enter flow name",
                  "x-ms-content-hint": "TEXT"
                },
                "text_1": {
                  "title": "ActionName",
                  "type": "string",
                  "x-ms-dynamically-added": true,
                  "description": "Please enter action name ",
                  "x-ms-content-hint": "TEXT"
                },
                "text_2": {
                  "title": "ErrorMessage",
                  "type": "string",
                  "x-ms-dynamically-added": true,
                  "description": "Please enter error message",
                  "x-ms-content-hint": "TEXT"
                },
                "text_4": {
                  "description": "Please enter error status code",
                  "title": "ErrorStatus",
                  "type": "string",
                  "x-ms-content-hint": "TEXT",
                  "x-ms-dynamically-added": true
                },
                "text_3": {
                  "description": "Please enter action user name",
                  "title": "ActionUserName",
                  "type": "string",
                  "x-ms-content-hint": "TEXT",
                  "x-ms-dynamically-added": true
                }
              },
              "required": [
                "text",
                "text_1",
                "text_2",
                "text_4",
                "text_3"
              ]
            }
          },
          "conditions": [],
          "metadata": {
            "operationMetadataId": "852fe1c3-a51c-4bcf-81ef-d58e08cd832b"
          }
        }
      },
      "actions": {
        "Create_item": {
          "type": "OpenApiConnection",
          "inputs": {
            "parameters": {
              "dataset": "@parameters('SP_SiteURL (new_SP_SiteURL)')",
              "table": "b859bf0b-bebc-4037-b694-de65edb9c612",
              "view": "3d786778-f15f-4197-b13c-607b9c6fcbb3",
              "item/Title": "@triggerBody()?['text']",
              "item/FlowName": "@triggerBody()['text']",
              "item/ActionName": "@triggerBody()['text_1']",
              "item/ErrorStatus": "@triggerBody()?['text_4']",
              "item/ErrorMessage": "@triggerBody()['text_2']",
              "item/RunTime": "@formatDateTime(utcNow(), 'yyyy-MM-dd HH:mm:ss')\r\n",
              "item/User": "@triggerBody()['text_3']",
              "item/{ContentType}/Id": "0x0100D32C829BF7B36443B41C462C7BC3D0E2004FD56A25D20FA8418EC1A7443F08477E"
            },
            "host": {
              "apiId": "/providers/Microsoft.PowerApps/apis/shared_sharepointonline",
              "operationId": "PostItem",
              "connectionName": "shared_sharepointonline"
            }
          },
          "runAfter": {
            "ErrorEmailSender": [
              "Succeeded"
            ]
          },
          "metadata": {
            "operationMetadataId": "dbf79cf2-7aaa-4ae7-849d-d8d53f03b380"
          }
        },
        "Respond_to_a_Power_App_or_flow": {
          "type": "Response",
          "kind": "PowerApp",
          "inputs": {
            "schema": {
              "type": "object",
              "properties": {
                "status_code": {
                  "title": "Status Code",
                  "type": "string",
                  "x-ms-content-hint": "TEXT",
                  "x-ms-dynamically-added": true
                }
              },
              "additionalProperties": {}
            },
            "statusCode": 200,
            "body": {
              "status_code": "200"
            }
          },
          "runAfter": {
            "Send_an_email_(V2)": [
              "Succeeded"
            ]
          }
        },
        "Send_an_email_(V2)": {
          "type": "OpenApiConnection",
          "inputs": {
            "parameters": {
              "emailMessage/To": "@outputs('ErrorEmailSender')",
              "emailMessage/Subject": "Getting the error on this flow @{outputs('Create_item')?['body/FlowName']}",
              "emailMessage/Body": "<p class=\"editor-paragraph\">Hi Team(@{outputs('EmailUserName')}),<br><br>Getting the error on</p><br><p class=\"editor-paragraph\">Flow Name : @{outputs('Create_item')?['body/FlowName']}</p><p class=\"editor-paragraph\">Action Name : @{outputs('Create_item')?['body/ActionName']}</p><p class=\"editor-paragraph\">Status : @{outputs('Create_item')?['body/ErrorStatus']}</p><p class=\"editor-paragraph\">Action by User : @{outputs('Create_item')?['body/User']}<br>Datetime : @{outputs('Create_item')?['body/RunTime']}</p><p class=\"editor-paragraph\">Error Message : @{outputs('Create_item')?['body/ErrorMessage']}</p><br><p class=\"editor-paragraph\">Best regards</p>",
              "emailMessage/Cc": "@coalesce(parameters('AXA_Email (new_AXA_Email)'), '')",
              "emailMessage/Importance": "Normal"
            },
            "host": {
              "apiId": "/providers/Microsoft.PowerApps/apis/shared_office365",
              "operationId": "SendEmailV2",
              "connectionName": "shared_office365"
            }
          },
          "runAfter": {
            "Create_item": [
              "Succeeded"
            ]
          }
        },
        "AXAEmail": {
          "type": "Compose",
          "inputs": "@parameters('AXA_Email (new_AXA_Email)')",
          "runAfter": {
            "EmailUserName": [
              "Succeeded"
            ]
          }
        },
        "ErrorEmailSender": {
          "type": "Compose",
          "inputs": "@parameters('SP_ErrorEmailUser (new_SP_ErrorEmailUser)')",
          "runAfter": {
            "AXAEmail": [
              "Succeeded"
            ]
          }
        },
        "EmailUserName": {
          "type": "Compose",
          "inputs": "@triggerBody()?['text_3']",
          "runAfter": {}
        }
      },
      "outputs": {}
    },
    "templateName": null
  },
  "schemaVersion": "1.0.0.0"
}