{
  "properties": {
    "connectionReferences": {
      "shared_sharepointonline-1": {
        "runtimeSource": "embedded",
        "connection": {
          "connectionReferenceLogicalName": "new_sharedsharepointonline_ccf7b"
        },
        "api": {
          "name": "shared_sharepointonline"
        }
      },
      "shared_teams-1": {
        "runtimeSource": "embedded",
        "connection": {
          "connectionReferenceLogicalName": "new_sharedteams_0cbb4"
        },
        "api": {
          "name": "shared_teams"
        }
      },
      "shared_office365-5": {
        "runtimeSource": "embedded",
        "connection": {
          "connectionReferenceLogicalName": "new_sharedoffice365_4eaf0"
        },
        "api": {
          "name": "shared_office365"
        }
      },
      "shared_office365-3": {
        "runtimeSource": "embedded",
        "connection": {
          "connectionReferenceLogicalName": "new_sharedoffice365_690e6"
        },
        "api": {
          "name": "shared_office365"
        }
      },
      "shared_office365": {
        "runtimeSource": "embedded",
        "connection": {
          "connectionReferenceLogicalName": "new_sharedoffice365_17067"
        },
        "api": {
          "name": "shared_office365"
        }
      }
    },
    "definition": {
      "$schema": "https://schema.management.azure.com/providers/Microsoft.Logic/schemas/2016-06-01/workflowdefinition.json#",
      "contentVersion": "1.0.0.0",
      "parameters": {
        "$authentication": {
          "defaultValue": {},
          "type": "SecureObject"
        },
        "$connections": {
          "defaultValue": {},
          "type": "Object"
        },
        "SP_SiteURL (new_SP_SiteURL)": {
          "defaultValue": "https://ranosys.sharepoint.com/sites/AXA-ResourceRequestingSystem",
          "type": "String",
          "metadata": {
            "schemaName": "new_SP_SiteURL",
            "description": "Share Point Env Site URL"
          }
        },
        "AXA_EmailCSS (new_AXA_NewCSS)": {
          "defaultValue": "<style>body{font-family:\"Segoe UI\",Roboto,Arial,sans-serif;background-color:#f4f6f8;margin:0;padding:0;color:#333}.email-container{width:100%;max-width:700px;margin:auto;background:#fff;border:1px solid #e0e0e0;border-radius:10px;overflow:hidden;box-shadow:0 4px 10px rgb(0 0 0 / .05)}.email-header{background-color:#004aad;color:#fff;padding:18px 24px;font-size:22px;font-weight:600;letter-spacing:.3px}.email-body{padding:24px;font-size:15px;line-height:1.6}.ticket-info{background:#fafafa;border:1px solid #e0e0e0;padding:15px;margin:20px 0;font-size:14px;border-radius:6px}.email-footer{background-color:#f9fafb;font-size:12px;color:#777;padding:16px 20px;text-align:center;border-top:1px solid #e0e0e0}.email-body table{width:100%;border-collapse:collapse;margin:20px 0;font-size:14px;table-layout:auto}.email-body th,.email-body td{border:1px solid #e0e0e0;padding:12px;text-align:left;word-wrap:break-word}.email-body th{background-color:#004aad;color:#fff;font-weight:600;font-size:14px}.email-body tr:nth-child(even){background-color:#f9f9f9}.email-body tr:hover{background-color:#f1f5ff}</style>",
          "type": "String",
          "metadata": {
            "schemaName": "new_AXA_NewCSS"
          }
        },
        "AXA_Email (new_AXA_Email)": {
          "defaultValue": "yogesh.asopa@ranosys.com",
          "type": "String",
          "metadata": {
            "schemaName": "new_AXA_Email",
            "description": "this value set for which users send email for client required"
          }
        }
      },
      "triggers": {
        "manual": {
          "metadata": {
            "operationMetadataId": "5fe9cbe2-d3ab-4282-b924-f7804e0c0113"
          },
          "type": "Request",
          "kind": "Button",
          "inputs": {
            "schema": {
              "type": "object",
              "properties": {
                "number": {
                  "description": "Please enter a number",
                  "title": "RequestId",
                  "type": "number",
                  "x-ms-content-hint": "NUMBER",
                  "x-ms-dynamically-added": true
                }
              },
              "required": [
                "number"
              ]
            }
          }
        }
      },
      "actions": {
        "Scope": {
          "actions": {
            "GetOnBoardingIteamById": {
              "metadata": {
                "operationMetadataId": "79c4afe1-2e88-43c7-b663-d0169ae9a021"
              },
              "type": "OpenApiConnection",
              "inputs": {
                "parameters": {
                  "dataset": "@parameters('SP_SiteURL (new_SP_SiteURL)')",
                  "table": "c62220e2-0199-4590-a2b1-53126c81b8c4",
                  "id": "@triggerBody()?['number']"
                },
                "host": {
                  "apiId": "/providers/Microsoft.PowerApps/apis/shared_sharepointonline",
                  "operationId": "GetItem",
                  "connectionName": "shared_sharepointonline-1"
                }
              }
            },
            "statusValueCompose": {
              "runAfter": {
                "GetOnBoardingIteamById": [
                  "Succeeded"
                ]
              },
              "type": "Compose",
              "inputs": "@outputs('GetOnBoardingIteamById')?['body/Status']?['Id']"
            },
            "Requester_Email_Subject": {
              "runAfter": {
                "statusValueCompose": [
                  "Succeeded"
                ]
              },
              "metadata": {
                "operationMetadataId": "2d9fd99a-7872-4955-ae03-8912c08e2685"
              },
              "type": "Compose",
              "inputs": "@concat(\r\n            'Status Updated – Onboarding Request (Request ID: ',\r\n            outputs('GetOnBoardingIteamById')?['body/RequestTicketNumber'],\r\n            ')')\r\n"
            },
            "Other_Email_Subject": {
              "runAfter": {
                "Requester_Email_Subject": [
                  "Succeeded"
                ]
              },
              "metadata": {
                "operationMetadataId": "2d9fd99a-7872-4955-ae03-8912c08e2685"
              },
              "type": "Compose",
              "inputs": "@concat(\r\n            'Confirmation – You Updated Task Status for Request (',\r\n            outputs('GetOnBoardingIteamById')?['body/RequestTicketNumber'],\r\n            ')')"
            },
            "Requester_Email_Body_Text": {
              "runAfter": {
                "Other_Email_Subject": [
                  "Succeeded"
                ]
              },
              "metadata": {
                "operationMetadataId": "2d9fd99a-7872-4955-ae03-8912c08e2685"
              },
              "type": "Compose",
              "inputs": "@concat(\r\n            'The status of task on your onboarding request <strong>',\r\n            outputs('GetOnBoardingIteamById')?['body/RequestTicketNumber'],\r\n            '</strong> has been updated.')"
            },
            "Other_Email_Body_Text": {
              "runAfter": {
                "Requester_Email_Body_Text": [
                  "Succeeded"
                ]
              },
              "metadata": {
                "operationMetadataId": "2d9fd99a-7872-4955-ae03-8912c08e2685"
              },
              "type": "Compose",
              "inputs": "@concat(\r\n   'Your update to the task on the onboarding request <strong>',\r\n   outputs('GetOnBoardingIteamById')?['body/RequestTicketNumber'],\r\n   '</strong> has been successfully recorded.')\r\n"
            },
            "EmailCss": {
              "runAfter": {
                "Other_Email_Body_Text": [
                  "Succeeded"
                ]
              },
              "metadata": {
                "operationMetadataId": "f9c7b15e-41d6-48b2-81c6-bbbc03a04b09"
              },
              "type": "Compose",
              "inputs": "@parameters('AXA_EmailCSS (new_AXA_NewCSS)')"
            },
            "Get_Task_Items": {
              "runAfter": {
                "EmailCss": [
                  "Succeeded"
                ]
              },
              "metadata": {
                "operationMetadataId": "36a30141-d971-4153-ba8c-f88f0887954e"
              },
              "type": "OpenApiConnection",
              "inputs": {
                "parameters": {
                  "dataset": "https://ranosys.sharepoint.com/sites/AXA-ResourceRequestingSystem",
                  "table": "eda19274-cbfc-43d3-88bb-60da7f48f0bf",
                  "$filter": "RequestId eq @{outputs('GetOnBoardingIteamById')?['body/ID']}"
                },
                "host": {
                  "apiId": "/providers/Microsoft.PowerApps/apis/shared_sharepointonline",
                  "operationId": "GetItems",
                  "connectionName": "shared_sharepointonline-1"
                }
              }
            },
            "Create_HTML_table_Submit": {
              "runAfter": {
                "Get_Task_Items": [
                  "Succeeded"
                ]
              },
              "metadata": {
                "operationMetadataId": "400bb795-e3c7-4c7e-a812-8f161f9ed6d6"
              },
              "type": "Table",
              "inputs": {
                "from": "@outputs('Get_Task_Items')?['body/value']",
                "format": "HTML",
                "columns": [
                  {
                    "header": "Task Name",
                    "value": "@item()?['TaskName']"
                  },
                  {
                    "header": "Status",
                    "value": "@item()?['Status/Value']"
                  }
                ]
              }
            },
            "Create_HTML_table_Approve": {
              "runAfter": {
                "Create_HTML_table_Submit": [
                  "Succeeded"
                ]
              },
              "metadata": {
                "operationMetadataId": "b2bb2adc-5230-4991-879d-48ecc8992942"
              },
              "type": "Table",
              "inputs": {
                "from": "@outputs('Get_Task_Items')?['body/value']",
                "format": "HTML",
                "columns": [
                  {
                    "header": "Task Name",
                    "value": "@item()?['TaskName']"
                  },
                  {
                    "header": "Status",
                    "value": "@item()?['Status/Value']"
                  },
                  {
                    "header": "Remark",
                    "value": "@item()?['Remarks']"
                  }
                ]
              }
            },
            "RequesterUserEmail": {
              "runAfter": {
                "Create_HTML_table_Approve": [
                  "Succeeded"
                ]
              },
              "metadata": {
                "operationMetadataId": "7237ddca-5173-4195-bc74-d0d173015777"
              },
              "type": "Compose",
              "inputs": "@outputs('GetOnBoardingIteamById')?['body/Author/Email']"
            },
            "RequesterUserName": {
              "runAfter": {
                "RequesterUserEmail": [
                  "Succeeded"
                ]
              },
              "metadata": {
                "operationMetadataId": "7237ddca-5173-4195-bc74-d0d173015777"
              },
              "type": "Compose",
              "inputs": "@outputs('GetOnBoardingIteamById')?['body/Author/DisplayName']"
            },
            "Condition": {
              "actions": {
                "GetExternalETSTeamInfo": {
                  "metadata": {
                    "operationMetadataId": "62c0b86f-4559-4ea3-9f73-7a5812e0a050"
                  },
                  "type": "OpenApiConnection",
                  "inputs": {
                    "parameters": {
                      "dataset": "https://ranosys.sharepoint.com/sites/AXA-ResourceRequestingSystem",
                      "table": "e4de9473-798e-4dff-aaf6-fa251f7c60e3",
                      "$filter": "Role/Title eq 'ETS Team'"
                    },
                    "host": {
                      "apiId": "/providers/Microsoft.PowerApps/apis/shared_sharepointonline",
                      "operationId": "GetItems",
                      "connectionName": "shared_sharepointonline-1"
                    }
                  }
                },
                "Condition_2": {
                  "actions": {
                    "Select": {
                      "metadata": {
                        "operationMetadataId": "0fa63e4d-bdfd-4832-80aa-60dc2d7b9cf2"
                      },
                      "type": "Select",
                      "inputs": {
                        "from": "@outputs('GetExternalETSTeamInfo')?['body/value']",
                        "select": "@item()?['Email']"
                      }
                    },
                    "Join": {
                      "runAfter": {
                        "Select": [
                          "Succeeded"
                        ]
                      },
                      "metadata": {
                        "operationMetadataId": "8c0e3200-67eb-40ed-a1be-f11b4b3e43e1"
                      },
                      "type": "Join",
                      "inputs": {
                        "from": "@body('Select')",
                        "joinWith": ";"
                      }
                    },
                    "Apply_to_each": {
                      "foreach": "@outputs('GetExternalETSTeamInfo')?['body/value']",
                      "actions": {
                        "Post_message_in_a_chat_or_channel": {
                          "runAfter": {
                            "Send_an_email_(V2)": [
                              "Succeeded"
                            ]
                          },
                          "metadata": {
                            "operationMetadataId": "f7045f58-16e6-4af8-b9c9-919df17bd8d9"
                          },
                          "type": "OpenApiConnection",
                          "inputs": {
                            "parameters": {
                              "poster": "Flow bot",
                              "location": "Chat with Flow bot",
                              "body/recipient": "@items('Apply_to_each')?['Email']",
                              "body/messageBody": "<p class=\"editor-paragraph\">Hi @{items('Apply_to_each')?['FullName']} (ETS Team),<br><br>OnBoarding Request has been updated successfully.<br><br>Ticket ID: @{outputs('GetOnBoardingIteamById')?['body/RequestTicketNumber']}<br>User Name: @{trim(\n   concat(\n      outputs('GetOnBoardingIteamById')?['body/Name'], ' ',\n      coalesce(outputs('GetOnBoardingIteamById')?['body/MiddleName'], ''), ' ',\n      outputs('GetOnBoardingIteamById')?['body/LastName']\n   )\n)\n}<br>AXA Email: @{if(empty(outputs('GetOnBoardingIteamById')?['body/AXAEmail']), '', outputs('GetOnBoardingIteamById')?['body/AXAEmail'])}<br>Department: @{outputs('GetOnBoardingIteamById')?['body/Department/Value']}<br>Onboarding Date: @{if(empty(outputs('GetOnBoardingIteamById')?['body/OnboardingDate']),\n   '',\n   formatDateTime(outputs('GetOnBoardingIteamById')?['body/OnboardingDate'], 'dd-MMM-yyyy')\n)}<br>Status: @{outputs('GetOnBoardingIteamById')?['body/Status/Value']}<br>@{\nif(\n   equals(outputs('GetOnBoardingIteamById')?['body/Status/Value'], 'Need More Info'),\n   concat('Approval Remark : ', coalesce(outputs('GetOnBoardingIteamById')?['body/ApproverComment'], '')),\n   ''\n)\n\n\n}<br></p><br>"
                            },
                            "host": {
                              "apiId": "/providers/Microsoft.PowerApps/apis/shared_teams",
                              "operationId": "PostMessageToConversation",
                              "connectionName": "shared_teams-1"
                            }
                          }
                        },
                        "Send_an_email_(V2)": {
                          "runAfter": {
                            "User_Email_Template_HTML": [
                              "Succeeded"
                            ]
                          },
                          "metadata": {
                            "operationMetadataId": "d87fcefb-347a-4987-ab77-1034f925b615"
                          },
                          "type": "OpenApiConnection",
                          "inputs": {
                            "parameters": {
                              "emailMessage/To": "@items('Apply_to_each')?['Email']",
                              "emailMessage/Subject": "@outputs('Other_Email_Subject')",
                              "emailMessage/Body": "<p class=\"editor-paragraph\">@{outputs('User_Email_Template_HTML')}<br></p><br>",
                              "emailMessage/Cc": "@coalesce(parameters('AXA_Email (new_AXA_Email)'), '')",
                              "emailMessage/Importance": "Normal"
                            },
                            "host": {
                              "apiId": "/providers/Microsoft.PowerApps/apis/shared_office365",
                              "operationId": "SendEmailV2",
                              "connectionName": "shared_office365-5"
                            }
                          }
                        },
                        "User_Email_Template_HTML": {
                          "metadata": {
                            "operationMetadataId": "77250dcf-ed41-4bd3-95b2-f503a2fe6a56"
                          },
                          "type": "Compose",
                          "inputs": "<!DOCTYPE html>\n<html>\n<head>\n  <meta charset=\"UTF-8\">\n  @{outputs('EmailCss')}\n</head>\n<body>\n  <div class=\"email-container\">\n    <div class=\"email-header\">\n      On-Boarding Request \n    </div>\n    <div class=\"email-body\">\n      <p>Hi @{items('Apply_to_each')?['FullName']} (ETS Team),</p>\n      <p>@{outputs('Other_Email_Body_Text')}</p>\n      \n      <div class=\"ticket-info\">\n        <strong>Ticket ID:</strong> @{outputs('GetOnBoardingIteamById')?['body/RequestTicketNumber']} <br/>\n        <strong>User Name:</strong> @{trim(\r\n   concat(\r\n      outputs('GetOnBoardingIteamById')?['body/Name'], ' ',\r\n      coalesce(outputs('GetOnBoardingIteamById')?['body/MiddleName'], ''), ' ',\r\n      outputs('GetOnBoardingIteamById')?['body/LastName']\r\n   )\r\n)\r\n} <br/>\n        <strong>AXA Email:</strong>  @{if(empty(outputs('GetOnBoardingIteamById')?['body/AXAEmail']), '', outputs('GetOnBoardingIteamById')?['body/AXAEmail'])}<br/>\n        <strong>Department:</strong> @{outputs('GetOnBoardingIteamById')?['body/Department/Value']}<br/>\n        <strong>Onboarding Date:</strong> @{if(empty(outputs('GetOnBoardingIteamById')?['body/OnboardingDate']),\r\n   '',\r\n   formatDateTime(outputs('GetOnBoardingIteamById')?['body/OnboardingDate'], 'dd-MMM-yyyy')\r\n)}<br/>\n        <strong>Status:</strong> @{outputs('GetOnBoardingIteamById')?['body/Status/Value']}<br/>\n@{\r\nif(\r\n   equals(outputs('GetOnBoardingIteamById')?['body/Status/Value'], 'Need More Info'),\r\n   concat('<strong>Approval Remark :</strong> ', coalesce(outputs('GetOnBoardingIteamById')?['body/ApproverComment'], '')),\r\n   ''\r\n)\r\n\r\n\r\n}\n      </div>\n<div>\n\n</div>\n<div>\n@{if(\r\n    or(\r\n        equals(outputs('GetOnBoardingIteamById')?['body/Status/Value'], 'Submitted'),\r\n        equals(outputs('GetOnBoardingIteamById')?['body/Status/Value'], 'Need More Info')\r\n    ),\r\n    body('Create_HTML_table_Submit'),\r\n    body('Create_HTML_table_Approve')\r\n)\r\n}\n</div>\n\n      <p>@{if(\r\n    equals(\r\n        toLower(trim(outputs('GetOnBoardingIteamById')?['body/Status/Value'])),\r\n        'need more info'\r\n    ),\r\n    'The concerned member has been notified and will provide the required details. You will receive an update once the information is available.',\r\n    ''\r\n)\r\n}</p>\n\n      <p>Best regards,<br/>\n             AXA Team</p>\n    </div>\n    <div class=\"email-footer\">\n      This is an automated email. Please do not reply directly unless instructed.<br/><br/>\n      &copy; @{formatDateTime(utcNow(), 'yyyy')} AXA\n    </div>\n  </div>\n</body>\n</html>\n"
                        }
                      },
                      "runAfter": {
                        "Join": [
                          "Succeeded"
                        ]
                      },
                      "metadata": {
                        "operationMetadataId": "b0dc1ad6-76bd-488e-bf3f-83c1a1e72f1f"
                      },
                      "type": "Foreach"
                    }
                  },
                  "runAfter": {
                    "GetExternalETSTeamInfo": [
                      "Succeeded"
                    ]
                  },
                  "else": {
                    "actions": {}
                  },
                  "expression": {
                    "and": [
                      {
                        "greater": [
                          "@length(outputs('GetExternalETSTeamInfo')?['body/value'])",
                          0
                        ]
                      }
                    ]
                  },
                  "type": "If"
                }
              },
              "runAfter": {
                "RequesterUserName": [
                  "Succeeded"
                ]
              },
              "else": {
                "actions": {
                  "GetInternalHRTeamInfo": {
                    "metadata": {
                      "operationMetadataId": "e04c8600-84c5-42c4-81a9-91a11adca117"
                    },
                    "type": "OpenApiConnection",
                    "inputs": {
                      "parameters": {
                        "dataset": "https://ranosys.sharepoint.com/sites/AXA-ResourceRequestingSystem",
                        "table": "e4de9473-798e-4dff-aaf6-fa251f7c60e3",
                        "$filter": "Role/Title eq 'HR Team'"
                      },
                      "host": {
                        "apiId": "/providers/Microsoft.PowerApps/apis/shared_sharepointonline",
                        "operationId": "GetItems",
                        "connectionName": "shared_sharepointonline-1"
                      }
                    }
                  },
                  "Condition_1": {
                    "actions": {
                      "Select_1": {
                        "metadata": {
                          "operationMetadataId": "a3dd25d8-0f47-4d13-bbd3-2b5ac2a9b0e5"
                        },
                        "type": "Select",
                        "inputs": {
                          "from": "@outputs('GetInternalHRTeamInfo')?['body/value']",
                          "select": "@item()?['Email']"
                        }
                      },
                      "Join_1": {
                        "runAfter": {
                          "Select_1": [
                            "Succeeded"
                          ]
                        },
                        "metadata": {
                          "operationMetadataId": "3aafbca4-83e5-4382-9851-2d5616498a8b"
                        },
                        "type": "Join",
                        "inputs": {
                          "from": "@body('Select_1')",
                          "joinWith": ";"
                        }
                      },
                      "Apply_to_each_1": {
                        "foreach": "@outputs('GetInternalHRTeamInfo')?['body/value']",
                        "actions": {
                          "Post_message_in_a_chat_or_channel_1": {
                            "runAfter": {
                              "Send_an_email_(V2)_1": [
                                "Succeeded"
                              ]
                            },
                            "metadata": {
                              "operationMetadataId": "33ddac44-38d0-4a47-b4f2-5a6975da71e1"
                            },
                            "type": "OpenApiConnection",
                            "inputs": {
                              "parameters": {
                                "poster": "Flow bot",
                                "location": "Chat with Flow bot",
                                "body/recipient": "@items('Apply_to_each_1')?['Email']",
                                "body/messageBody": "<p class=\"editor-paragraph\">Hi @{items('Apply_to_each_1')?['FullName']} (HR Team),<br><br>OnBoarding Request has been updated successfully.<br><br>Ticket ID: @{outputs('GetOnBoardingIteamById')?['body/RequestTicketNumber']}<br>User Name: @{trim(\n   concat(\n      outputs('GetOnBoardingIteamById')?['body/Name'], ' ',\n      coalesce(outputs('GetOnBoardingIteamById')?['body/MiddleName'], ''), ' ',\n      outputs('GetOnBoardingIteamById')?['body/LastName']\n   )\n)\n}<br>AXA Email: @{if(empty(outputs('GetOnBoardingIteamById')?['body/AXAEmail']), '', outputs('GetOnBoardingIteamById')?['body/AXAEmail'])}<br>Department: @{outputs('GetOnBoardingIteamById')?['body/Department/Value']}<br>Onboarding Date: @{if(empty(outputs('GetOnBoardingIteamById')?['body/OnboardingDate']),\n   '',\n   formatDateTime(outputs('GetOnBoardingIteamById')?['body/OnboardingDate'], 'dd-MMM-yyyy')\n)}<br>Status: @{outputs('GetOnBoardingIteamById')?['body/Status/Value']}<br>@{\nif(\n   equals(outputs('GetOnBoardingIteamById')?['body/Status/Value'], 'Need More Info'),\n   concat('Approval Remark : ', coalesce(outputs('GetOnBoardingIteamById')?['body/ApproverComment'], '')),\n   ''\n)\n\n\n}</p>"
                              },
                              "host": {
                                "apiId": "/providers/Microsoft.PowerApps/apis/shared_teams",
                                "operationId": "PostMessageToConversation",
                                "connectionName": "shared_teams-1"
                              }
                            }
                          },
                          "Send_an_email_(V2)_1": {
                            "runAfter": {
                              "User_Email_Template_HTML_1": [
                                "Succeeded"
                              ]
                            },
                            "metadata": {
                              "operationMetadataId": "afdc8b8a-caf0-45c8-addd-88d2c69f2446"
                            },
                            "type": "OpenApiConnection",
                            "inputs": {
                              "parameters": {
                                "emailMessage/To": "@items('Apply_to_each_1')?['Email']",
                                "emailMessage/Subject": "@outputs('Other_Email_Subject')",
                                "emailMessage/Body": "<p class=\"editor-paragraph\">@{outputs('User_Email_Template_HTML_1')}</p><br>",
                                "emailMessage/Cc": "@coalesce(parameters('AXA_Email (new_AXA_Email)'), '')",
                                "emailMessage/Importance": "Normal"
                              },
                              "host": {
                                "apiId": "/providers/Microsoft.PowerApps/apis/shared_office365",
                                "operationId": "SendEmailV2",
                                "connectionName": "shared_office365-3"
                              }
                            }
                          },
                          "User_Email_Template_HTML_1": {
                            "metadata": {
                              "operationMetadataId": "a92bafa9-d139-4707-ad77-ba97c85516e3"
                            },
                            "type": "Compose",
                            "inputs": "<!DOCTYPE html>\n<html>\n<head>\n  <meta charset=\"UTF-8\">\n  @{outputs('EmailCss')}\n</head>\n<body>\n  <div class=\"email-container\">\n    <div class=\"email-header\">\n      On-Boarding Request \n    </div>\n    <div class=\"email-body\">\n      <p>Hi @{items('Apply_to_each_1')?['FullName']} (HR Team),</p>\n        <p>@{outputs('Other_Email_Body_Text')}</p>\n      \n      <div class=\"ticket-info\">\n        <strong>Ticket ID:</strong> @{outputs('GetOnBoardingIteamById')?['body/RequestTicketNumber']} <br/>\n        <strong>User Name:</strong> @{trim(\r\n   concat(\r\n      outputs('GetOnBoardingIteamById')?['body/Name'], ' ',\r\n      coalesce(outputs('GetOnBoardingIteamById')?['body/MiddleName'], ''), ' ',\r\n      outputs('GetOnBoardingIteamById')?['body/LastName']\r\n   )\r\n)\r\n} <br/>\n        <strong>AXA Email:</strong>  @{if(empty(outputs('GetOnBoardingIteamById')?['body/AXAEmail']), '', outputs('GetOnBoardingIteamById')?['body/AXAEmail'])}<br/>\n        <strong>Department:</strong> @{outputs('GetOnBoardingIteamById')?['body/Department/Value']}<br/>\n        <strong>Onboarding Date:</strong> @{if(empty(outputs('GetOnBoardingIteamById')?['body/OnboardingDate']),\r\n   '',\r\n   formatDateTime(outputs('GetOnBoardingIteamById')?['body/OnboardingDate'], 'dd-MMM-yyyy')\r\n)}<br/>\n        <strong>Status:</strong> @{outputs('GetOnBoardingIteamById')?['body/Status/Value']}<br/>\n@{if(\r\n   equals(outputs('GetOnBoardingIteamById')?['body/Status/Value'], 'Need More Info'),\r\n   concat('<strong>Approval Remark :</strong> ', coalesce(outputs('GetOnBoardingIteamById')?['body/ApproverComment'], '')),\r\n   ''\r\n)\r\n}\n      </div>\n<div>\n\n</div>\n<div>\n@{if(\r\n    or(\r\n        equals(outputs('GetOnBoardingIteamById')?['body/Status/Value'], 'Submitted'),\r\n        equals(outputs('GetOnBoardingIteamById')?['body/Status/Value'], 'Need More Info')\r\n    ),\r\n    body('Create_HTML_table_Submit'),\r\n    body('Create_HTML_table_Approve')\r\n)\r\n}\n</div>\n\n      <p>@{if(\r\n    equals(\r\n        toLower(trim(outputs('GetOnBoardingIteamById')?['body/Status/Value'])),\r\n        'need more info'\r\n    ),\r\n    'The concerned member has been notified and will provide the required details. You will receive an update once the information is available.',\r\n    ''\r\n)\r\n}</p>\n\n      <p>Best regards,<br/>\n             AXA Team</p>\n    </div>\n    <div class=\"email-footer\">\n      This is an automated email. Please do not reply directly unless instructed.<br/><br/>\n      &copy; @{formatDateTime(utcNow(), 'yyyy')} AXA\n    </div>\n  </div>\n</body>\n</html>\n"
                          }
                        },
                        "runAfter": {
                          "Join_1": [
                            "Succeeded"
                          ]
                        },
                        "metadata": {
                          "operationMetadataId": "aab48754-5a10-430d-9177-4de5f9dee1d0"
                        },
                        "type": "Foreach"
                      }
                    },
                    "runAfter": {
                      "GetInternalHRTeamInfo": [
                        "Succeeded"
                      ]
                    },
                    "else": {
                      "actions": {}
                    },
                    "expression": {
                      "and": [
                        {
                          "greater": [
                            "@length(outputs('GetInternalHRTeamInfo')?['body/value'])",
                            0
                          ]
                        }
                      ]
                    },
                    "type": "If"
                  }
                }
              },
              "expression": {
                "and": [
                  {
                    "equals": [
                      "@outputs('GetOnBoardingIteamById')?['body/ResourceType/Value']",
                      "External"
                    ]
                  }
                ]
              },
              "metadata": {
                "operationMetadataId": "4b67e2ea-13f8-4acc-abca-0650ce5e859f"
              },
              "type": "If"
            },
            "Requester_Email_Template": {
              "runAfter": {
                "Condition": [
                  "Succeeded"
                ]
              },
              "type": "Compose",
              "inputs": "<!DOCTYPE html>\n<html>\n<head>\n  <meta charset=\"UTF-8\">\n  @{outputs('EmailCss')}\n</head>\n<body>\n  <div class=\"email-container\">\n    <div class=\"email-header\">\n      On-Boarding Request \n    </div>\n    <div class=\"email-body\">\n      <p>Hi @{outputs('RequesterUserName')},</p>\n      <p>@{outputs('Requester_Email_Body_Text')}</p>\n      \n      <div class=\"ticket-info\">\n        <strong>Ticket ID:</strong> @{outputs('GetOnBoardingIteamById')?['body/RequestTicketNumber']} <br/>\n        <strong>User Name:</strong> @{trim(\n   concat(\n      outputs('GetOnBoardingIteamById')?['body/Name'], ' ',\n      coalesce(outputs('GetOnBoardingIteamById')?['body/MiddleName'], ''), ' ',\n      outputs('GetOnBoardingIteamById')?['body/LastName']\n   )\n)\n} <br/>\n        <strong>AXA Email:</strong>  @{if(empty(outputs('GetOnBoardingIteamById')?['body/AXAEmail']), '', outputs('GetOnBoardingIteamById')?['body/AXAEmail'])}<br/>\n        <strong>Department:</strong> @{outputs('GetOnBoardingIteamById')?['body/Department/Value']}<br/>\n        <strong>Onboarding Date:</strong> @{if(empty(outputs('GetOnBoardingIteamById')?['body/OnboardingDate']),\r\n   '',\r\n   formatDateTime(outputs('GetOnBoardingIteamById')?['body/OnboardingDate'], 'dd-MMM-yyyy')\r\n)}<br/>\n        <strong>Status:</strong> @{outputs('GetOnBoardingIteamById')?['body/Status/Value']}<br/>\n\n      </div>\n<div>\n\n</div>\n<div>\n@{if(\n    or(\n        equals(outputs('GetOnBoardingIteamById')?['body/Status/Value'], 'Submitted'),\n        equals(outputs('GetOnBoardingIteamById')?['body/Status/Value'], 'Need More Info')\n    ),\n    body('Create_HTML_table_Submit'),\n    body('Create_HTML_table_Approve')\n)\n}\n</div>\n\n      <p>@{if(\n    equals(\n        toLower(trim(outputs('GetOnBoardingIteamById')?['body/Status/Value'])),\n        'need more info'\n    ),\n    'The concerned member has been notified and will provide the required details. You will receive an update once the information is available.',\n    ''\n)\n}</p>\n\n      <p>Best regards,<br/>\n      <strong>AXA Team</strong></p>\n    </div>\n    <div class=\"email-footer\">\n      This is an automated email. Please do not reply directly unless instructed.<br/><br/>\n      &copy; @{formatDateTime(utcNow(), 'yyyy')} AXA\n    </div>\n  </div>\n</body>\n</html>\n"
            },
            "Send_an_email_(V2)_2": {
              "runAfter": {
                "Requester_Email_Template": [
                  "Succeeded"
                ]
              },
              "type": "OpenApiConnection",
              "inputs": {
                "parameters": {
                  "emailMessage/To": "@outputs('RequesterUserEmail')",
                  "emailMessage/Subject": "@outputs('Requester_Email_Subject')",
                  "emailMessage/Body": "<p class=\"editor-paragraph\">@{outputs('Requester_Email_Template')}</p>",
                  "emailMessage/Cc": "@coalesce(parameters('AXA_Email (new_AXA_Email)'), '')",
                  "emailMessage/Importance": "Normal"
                },
                "host": {
                  "apiId": "/providers/Microsoft.PowerApps/apis/shared_office365",
                  "operationId": "SendEmailV2",
                  "connectionName": "shared_office365"
                }
              }
            },
            "Post_message_in_a_chat_or_channel_3": {
              "runAfter": {
                "Send_an_email_(V2)_2": [
                  "Succeeded"
                ]
              },
              "metadata": {
                "operationMetadataId": "af70e72d-3405-4312-a05a-db4e36472fea"
              },
              "type": "OpenApiConnection",
              "inputs": {
                "parameters": {
                  "poster": "Flow bot",
                  "location": "Chat with Flow bot",
                  "body/recipient": "@outputs('GetOnBoardingIteamById')?['body/Author/Email']",
                  "body/messageBody": "<p class=\"editor-paragraph\">Hi @{outputs('GetOnBoardingIteamById')?['body/Author/DisplayName']},<br><br>OnBoarding Request has been updated successfully.<br><br>Ticket ID: @{outputs('GetOnBoardingIteamById')?['body/RequestTicketNumber']}<br>User Name: @{trim(\n   concat(\n      outputs('GetOnBoardingIteamById')?['body/Name'], ' ',\n      coalesce(outputs('GetOnBoardingIteamById')?['body/MiddleName'], ''), ' ',\n      outputs('GetOnBoardingIteamById')?['body/LastName']\n   )\n)\n}<br>AXA Email: @{if(empty(outputs('GetOnBoardingIteamById')?['body/AXAEmail']), '', outputs('GetOnBoardingIteamById')?['body/AXAEmail'])}<br>Department: @{outputs('GetOnBoardingIteamById')?['body/Department/Value']}<br>Onboarding Date: @{if(empty(outputs('GetOnBoardingIteamById')?['body/OnboardingDate']),\n   '',\n   formatDateTime(outputs('GetOnBoardingIteamById')?['body/OnboardingDate'], 'dd-MMM-yyyy')\n)}<br>Status: @{outputs('GetOnBoardingIteamById')?['body/Status/Value']}<br>@{\nif(\n   equals(outputs('GetOnBoardingIteamById')?['body/Status/Value'], 'Need More Info'),\n   concat('Approval Remark : ', coalesce(outputs('GetOnBoardingIteamById')?['body/ApproverComment'], '')),\n   ''\n)\n\n\n}</p><br>"
                },
                "host": {
                  "apiId": "/providers/Microsoft.PowerApps/apis/shared_teams",
                  "operationId": "PostMessageToConversation",
                  "connectionName": "shared_teams-1"
                }
              }
            }
          },
          "runAfter": {},
          "type": "Scope"
        },
        "Respond_to_a_Power_App_or_flow": {
          "runAfter": {
            "Scope": [
              "Succeeded"
            ]
          },
          "type": "Response",
          "kind": "PowerApp",
          "inputs": {
            "schema": {
              "type": "object",
              "properties": {
                "status": {
                  "title": "status",
                  "type": "string",
                  "x-ms-content-hint": "TEXT",
                  "x-ms-dynamically-added": true
                }
              },
              "additionalProperties": {}
            },
            "statusCode": 200,
            "body": {
              "status": "200"
            }
          }
        }
      }
    },
    "templateName": null
  },
  "schemaVersion": "1.0.0.0"
}