{
  "properties": {
    "connectionReferences": {
      "shared_sharepointonline": {
        "api": {
          "name": "shared_sharepointonline"
        },
        "connection": {
          "connectionReferenceLogicalName": "new_sharedsharepointonline_f0b2a"
        },
        "runtimeSource": "embedded"
      },
      "shared_office365-1": {
        "api": {
          "name": "shared_office365"
        },
        "connection": {
          "connectionReferenceLogicalName": "new_sharedoffice365_ca28a"
        },
        "runtimeSource": "embedded"
      },
      "shared_teams": {
        "api": {
          "name": "shared_teams"
        },
        "connection": {
          "connectionReferenceLogicalName": "new_sharedteams_181e8"
        },
        "runtimeSource": "embedded"
      },
      "shared_office365": {
        "api": {
          "name": "shared_office365"
        },
        "connection": {
          "connectionReferenceLogicalName": "new_sharedoffice365_17067"
        },
        "runtimeSource": "embedded"
      }
    },
    "definition": {
      "$schema": "https://schema.management.azure.com/providers/Microsoft.Logic/schemas/2016-06-01/workflowdefinition.json#",
      "contentVersion": "1.0.0.0",
      "parameters": {
        "$authentication": {
          "defaultValue": {},
          "type": "SecureObject"
        },
        "$connections": {
          "defaultValue": {},
          "type": "Object"
        },
        "SP_SiteURL (new_SP_SiteURL)": {
          "defaultValue": "https://ranosys.sharepoint.com/sites/AXA-ResourceRequestingSystem",
          "type": "String",
          "metadata": {
            "schemaName": "new_SP_SiteURL",
            "description": "Share Point Env Site URL"
          }
        },
        "AXA_EmailCSS (new_AXA_NewCSS)": {
          "defaultValue": "<style>body{font-family:\"Segoe UI\",Roboto,Arial,sans-serif;background-color:#f4f6f8;margin:0;padding:0;color:#333}.email-container{width:100%;max-width:700px;margin:auto;background:#fff;border:1px solid #e0e0e0;border-radius:10px;overflow:hidden;box-shadow:0 4px 10px rgb(0 0 0 / .05)}.email-header{background-color:#004aad;color:#fff;padding:18px 24px;font-size:22px;font-weight:600;letter-spacing:.3px}.email-body{padding:24px;font-size:15px;line-height:1.6}.ticket-info{background:#fafafa;border:1px solid #e0e0e0;padding:15px;margin:20px 0;font-size:14px;border-radius:6px}.email-footer{background-color:#f9fafb;font-size:12px;color:#777;padding:16px 20px;text-align:center;border-top:1px solid #e0e0e0}.email-body table{width:100%;border-collapse:collapse;margin:20px 0;font-size:14px;table-layout:auto}.email-body th,.email-body td{border:1px solid #e0e0e0;padding:12px;text-align:left;word-wrap:break-word}.email-body th{background-color:#004aad;color:#fff;font-weight:600;font-size:14px}.email-body tr:nth-child(even){background-color:#f9f9f9}.email-body tr:hover{background-color:#f1f5ff}</style>",
          "type": "String",
          "metadata": {
            "schemaName": "new_AXA_NewCSS"
          }
        }
      },
      "triggers": {
        "When_an_item_is_created_or_modified": {
          "type": "OpenApiConnection",
          "inputs": {
            "parameters": {
              "dataset": "@parameters('SP_SiteURL (new_SP_SiteURL)')",
              "table": "028dc967-f115-4995-b731-7132f49a4a39"
            },
            "host": {
              "apiId": "/providers/Microsoft.PowerApps/apis/shared_sharepointonline",
              "operationId": "GetOnUpdatedItems",
              "connectionName": "shared_sharepointonline"
            }
          },
          "recurrence": {
            "interval": 1,
            "frequency": "Minute"
          },
          "conditions": [
            {
              "expression": "@equals(triggerBody()?['Status']?['Value'], 'Exit Clearance Progress')"
            }
          ],
          "splitOn": "@triggerOutputs()?['body/value']"
        }
      },
      "actions": {
        "var_SiteURL": {
          "type": "Compose",
          "inputs": "@parameters('SP_SiteURL (new_SP_SiteURL)')",
          "runAfter": {}
        },
        "Get_changes_for_an_item_or_a_file_(properties_only)": {
          "type": "OpenApiConnection",
          "inputs": {
            "parameters": {
              "dataset": "@parameters('SP_SiteURL (new_SP_SiteURL)')",
              "table": "028dc967-f115-4995-b731-7132f49a4a39",
              "id": "@triggerBody()?['ID']",
              "since": "@triggerBody()?['{TriggerWindowStartToken}']",
              "includeDrafts": false
            },
            "host": {
              "apiId": "/providers/Microsoft.PowerApps/apis/shared_sharepointonline",
              "operationId": "GetItemChanges",
              "connectionName": "shared_sharepointonline"
            }
          },
          "runAfter": {
            "var_SiteURL": [
              "Succeeded"
            ]
          },
          "metadata": {
            "operationMetadataId": "7386745a-6fd6-46b4-b20c-de53388b3691"
          }
        },
        "Condition_Status_column_updated": {
          "type": "If",
          "expression": {
            "and": [
              {
                "not": {
                  "equals": [
                    "@outputs('Get_changes_for_an_item_or_a_file_(properties_only)')?['body/ColumnHasChanged/Status']",
                    true
                  ]
                }
              }
            ]
          },
          "actions": {
            "Condition": {
              "type": "If",
              "expression": {
                "and": [
                  {
                    "equals": [
                      "@outputs('Compose_Previous_Version')",
                      "@string('NoPreviousVersion')"
                    ]
                  }
                ]
              },
              "actions": {
                "try_3": {
                  "type": "Scope",
                  "description": "when call request status change",
                  "actions": {
                    "For_each_9": {
                      "type": "Foreach",
                      "foreach": "@outputs('GetRequestorById')?['body/value']",
                      "actions": {
                        "Requestor_Email_Template_HTML_3": {
                          "type": "Compose",
                          "inputs": "<!DOCTYPE html>\n<html>\n<head>\n  <meta charset=\"UTF-8\">\n  @{outputs('Email_Template_CSS')}\n</head>\n<body>\n  <div class=\"email-container\">\n    <div class=\"email-header\">\n      Offboarding Request\n    </div>\n    <div class=\"email-body\">\n      <p>Hi  @{items('For_each_9')?['fullname']},</p>\n\n      <p>The status of your offboarding request has been updated.</p>\n      \n      <div class=\"ticket-info\">\n        <strong>Ticket ID:</strong> @{outputs('GetOffBoardingRequestById')?['body/RequestTicketNumber']}<br/>\n        <strong>User Name:</strong> @{trim(\n   concat(\n      body('GetOffBoardingRequestById')?['FirstName'],\n      ' ',\n      coalesce(body('GetOffBoardingRequestById')?['MiddleName'], ''),\n      ' ',\n      body('GetOffBoardingRequestById')?['LastName']\n   )\n)}<br/>\n        <strong>AXA Email:</strong> @{outputs('GetOffBoardingRequestById')?['body/AXAEmail']}<br/>\n        <strong>Personal Email:</strong> @{outputs('GetOffBoardingRequestById')?['body/PersonalEmailAddress']}<br/>\n        <strong>Personal Mobile:</strong> @{outputs('GetOffBoardingRequestById')?['body/PersonalMobile']}<br/>\n        <strong>Department:</strong> @{body('GetOffBoardingRequestById')?['Department']?['DepartmentName']}<br/>\n        <strong>Onboarding Date:</strong> @{formatDateTime(outputs('GetOffBoardingRequestById')?['body/OnboardingDate'],'dd-MMM-yyyy')}<br/>\n        <strong>Offboarding Date:</strong> @{formatDateTime(outputs('GetOffBoardingRequestById')?['body/OffboardingDate'],'dd-MMM-yyyy')}<br/>\n        <strong>Status:</strong> @{outputs('GetOffBoardingRequestById')?['body/Status/Value']}<br/>\n      </div>\n\n         <p>Best regards,<br/>\n                AXA Team </p>\n    </div>\n    <div class=\"email-footer\">\n      This is an automated email. Please do not reply directly unless instructed.<br/><br/>\n      &copy; @{formatDateTime(utcNow(), 'yyyy')} AXA\n    </div>\n  </div>\n</body>\n</html>\n"
                        },
                        "SendUserEmail_34": {
                          "type": "OpenApiConnection",
                          "inputs": {
                            "parameters": {
                              "emailMessage/To": "@items('For_each_9')?['email']",
                              "emailMessage/Subject": "Status Updated – Offboarding Request @{outputs('GetOffBoardingRequestById')?['body/RequestTicketNumber']}",
                              "emailMessage/Body": "<p class=\"editor-paragraph\">@{outputs('Requestor_Email_Template_HTML_3')}</p>",
                              "emailMessage/Cc": "@coalesce(parameters('AXA_Email (new_AXA_Email)'), '')",
                              "emailMessage/Importance": "Normal"
                            },
                            "host": {
                              "apiId": "/providers/Microsoft.PowerApps/apis/shared_office365",
                              "operationId": "SendEmailV2",
                              "connectionName": "shared_office365-1"
                            }
                          },
                          "runAfter": {
                            "Requestor_Email_Template_HTML_3": [
                              "Succeeded"
                            ]
                          },
                          "metadata": {
                            "operationMetadataId": "81f36d07-d5db-46bd-955b-9a0cd6983475"
                          }
                        },
                        "Post_message_in_a_chat_or_channel_1": {
                          "type": "OpenApiConnection",
                          "inputs": {
                            "parameters": {
                              "poster": "Flow bot",
                              "location": "Chat with Flow bot",
                              "body/recipient": "@items('For_each_9')?['email']",
                              "body/messageBody": "<p class=\"editor-paragraph\">Hi @{items('For_each_9')?['fullname']},<br><br>Your off boarding request ticket @{outputs('GetOffBoardingRequestById')?['body/RequestTicketNumber']} is submitted successfully.</p>"
                            },
                            "host": {
                              "apiId": "/providers/Microsoft.PowerApps/apis/shared_teams",
                              "operationId": "PostMessageToConversation",
                              "connectionName": "shared_teams"
                            }
                          },
                          "runAfter": {
                            "SendUserEmail_34": [
                              "Succeeded"
                            ]
                          }
                        }
                      }
                    },
                    "Run_a_Child_IT_Support": {
                      "type": "Workflow",
                      "inputs": {
                        "host": {
                          "workflowReferenceName": "0c9df5cd-3481-f011-b4cc-002248568f42"
                        },
                        "body": {
                          "text_1": "IT Support",
                          "number": "@triggerBody()?['ID']",
                          "text": "''"
                        }
                      },
                      "runAfter": {
                        "For_each_9": [
                          "Succeeded"
                        ]
                      }
                    },
                    "Run_a_Child_Facilities": {
                      "type": "Workflow",
                      "inputs": {
                        "host": {
                          "workflowReferenceName": "0c9df5cd-3481-f011-b4cc-002248568f42"
                        },
                        "body": {
                          "text_1": "Facilities",
                          "number": "@triggerBody()?['ID']",
                          "text": "''"
                        }
                      },
                      "runAfter": {
                        "Run_a_Child_IT_Support": [
                          "Succeeded"
                        ]
                      }
                    }
                  }
                }
              },
              "else": {
                "actions": {
                  "try_4": {
                    "type": "Scope",
                    "description": "Im Task save / All Task table set ",
                    "actions": {
                      "For_each_6": {
                        "type": "Foreach",
                        "foreach": "@outputs('GetRequestorById')?['body/value']",
                        "actions": {
                          "Requestor_Email_Template_HTML_4": {
                            "type": "Compose",
                            "inputs": "<!DOCTYPE html>\n<html>\n<head>\n  <meta charset=\"UTF-8\">\n  @{outputs('Email_Template_CSS')}\n</head>\n<body>\n  <div class=\"email-container\">\n    <div class=\"email-header\">\n      Offboarding Request\n    </div>\n    <div class=\"email-body\">\n      <p>Hi  @{items('For_each_6')?['FullName']},</p>\n\n      <p>The status of task on your offboarding request has been updated.</p>\n      \n      <div class=\"ticket-info\">\n        <strong>Ticket ID:</strong> @{outputs('GetOffBoardingRequestById')?['body/RequestTicketNumber']}<br/>\n        <strong>User Name:</strong> @{trim(\n   concat(\n      body('GetOffBoardingRequestById')?['FirstName'],\n      ' ',\n      coalesce(body('GetOffBoardingRequestById')?['MiddleName'], ''),\n      ' ',\n      body('GetOffBoardingRequestById')?['LastName']\n   )\n)}<br/>\n        <strong>AXA Email:</strong> @{outputs('GetOffBoardingRequestById')?['body/AXAEmail']}<br/>\n        <strong>Personal Email:</strong> @{outputs('GetOffBoardingRequestById')?['body/PersonalEmailAddress']}<br/>\n        <strong>Personal Mobile:</strong> @{outputs('GetOffBoardingRequestById')?['body/PersonalMobile']}<br/>\n        <strong>Department:</strong> @{body('GetOffBoardingRequestById')?['Department']?['DepartmentName']}<br/>\n        <strong>Onboarding Date:</strong> @{formatDateTime(outputs('GetOffBoardingRequestById')?['body/OnboardingDate'],'dd-MMM-yyyy')}<br/>\n        <strong>Offboarding Date:</strong> @{formatDateTime(outputs('GetOffBoardingRequestById')?['body/OffboardingDate'],'dd-MMM-yyyy')}<br/>\n        <strong>Status:</strong> @{outputs('GetOffBoardingRequestById')?['body/Status/Value']}<br/>\n      </div>\n\n@{if(\r\n   equals(outputs('GetOffBoardingRequestById')?['body/IsInternal'], 1),\r\n   concat(\r\n      '<strong>Immediate Manager Response Status</strong><br/>',\r\n      outputs('ImmediateManager_table')\r\n   ),\r\n   ''\r\n)\r\n\r\n\r\n}</br>\n<strong>Task Status</strong><br/>\n@{body('TaskUser_table_')}\n         <p>Best regards,<br/>\n                AXA Team </p>\n    </div>\n    <div class=\"email-footer\">\n      This is an automated email. Please do not reply directly unless instructed.<br/><br/>\n      &copy; @{formatDateTime(utcNow(), 'yyyy')} AXA\n    </div>\n  </div>\n</body>\n</html>\n"
                          },
                          "SendUserEmail_4": {
                            "type": "OpenApiConnection",
                            "inputs": {
                              "parameters": {
                                "emailMessage/To": "@items('For_each_6')?['email']",
                                "emailMessage/Subject": "Task Status Updated – Offboarding Request @{outputs('GetOffBoardingRequestById')?['body/RequestTicketNumber']}",
                                "emailMessage/Body": "<p class=\"editor-paragraph\">@{outputs('Requestor_Email_Template_HTML_4')}</p>",
                                "emailMessage/Cc": "@coalesce(parameters('AXA_Email (new_AXA_Email)'), '')",
                                "emailMessage/Importance": "Normal"
                              },
                              "host": {
                                "apiId": "/providers/Microsoft.PowerApps/apis/shared_office365",
                                "operationId": "SendEmailV2",
                                "connectionName": "shared_office365"
                              }
                            },
                            "runAfter": {
                              "Requestor_Email_Template_HTML_4": [
                                "Succeeded"
                              ]
                            },
                            "metadata": {
                              "operationMetadataId": "81f36d07-d5db-46bd-955b-9a0cd6983475"
                            }
                          },
                          "Post_message_in_a_chat_or_channel_8": {
                            "type": "OpenApiConnection",
                            "inputs": {
                              "parameters": {
                                "poster": "Flow bot",
                                "location": "Chat with Flow bot",
                                "body/recipient": "@items('For_each_6')?['email']",
                                "body/messageBody": "<p class=\"editor-paragraph\">Hi @{items('For_each_6')?['fullname']},</p><br><p class=\"editor-paragraph\">The status of task on your onboarding request @{outputs('GetOffBoardingRequestById')?['body/RequestTicketNumber']} has been updated.</p><br><p class=\"editor-paragraph\">Ticket Id : @{outputs('GetOffBoardingRequestById')?['body/RequestTicketNumber']}<br>User Name : @{trim(\n   concat(\n      body('GetOffBoardingRequestById')?['FirstName'],\n      ' ',\n      coalesce(body('GetOffBoardingRequestById')?['MiddleName'], ''),\n      ' ',\n      body('GetOffBoardingRequestById')?['LastName']\n   )\n)}<br>AXA Email : @{outputs('GetOffBoardingRequestById')?['body/AXAEmail']}<br>Personal Email : @{outputs('GetOffBoardingRequestById')?['body/PersonalEmailAddress']}<br>Personal Mobile : @{outputs('GetOffBoardingRequestById')?['body/PersonalMobile']}<br>Department : @{body('GetOffBoardingRequestById')?['Department']?['DepartmentName']\t}<br>OnBoarding Date : @{formatDateTime(outputs('GetOffBoardingRequestById')?['body/OnboardingDate'],'dd-MMM-yyyy')}<br>OffBoarding Date : @{formatDateTime(outputs('GetOffBoardingRequestById')?['body/OffboardingDate'],'dd-MMM-yyyy')}<br>Status: @{outputs('GetOffBoardingRequestById')?['body/Status/Value']}</p>"
                              },
                              "host": {
                                "apiId": "/providers/Microsoft.PowerApps/apis/shared_teams",
                                "operationId": "PostMessageToConversation",
                                "connectionName": "shared_teams"
                              }
                            },
                            "runAfter": {
                              "SendUserEmail_4": [
                                "Succeeded"
                              ]
                            }
                          }
                        },
                        "runAfter": {
                          "TaskUser_table_": [
                            "Succeeded"
                          ]
                        }
                      },
                      "Get_Editor_Info_By_email": {
                        "type": "OpenApiConnection",
                        "inputs": {
                          "parameters": {
                            "dataset": "@parameters('SP_SiteURL (new_SP_SiteURL)')",
                            "table": "e4de9473-798e-4dff-aaf6-fa251f7c60e3",
                            "$filter": "Email eq '@{body('GetOffBoardingRequestById')?['Editor']?['Email']}'"
                          },
                          "host": {
                            "apiId": "/providers/Microsoft.PowerApps/apis/shared_sharepointonline",
                            "operationId": "GetItems",
                            "connectionName": "shared_sharepointonline"
                          }
                        },
                        "runAfter": {
                          "For_each_6": [
                            "Succeeded"
                          ]
                        }
                      },
                      "For_each_1": {
                        "type": "Foreach",
                        "foreach": "@outputs('Get_Editor_Info_By_email')?['body/value']",
                        "actions": {
                          "Run_a_Child_IT_Support_3": {
                            "type": "Workflow",
                            "inputs": {
                              "host": {
                                "workflowReferenceName": "ef75a8cd-3e81-f011-b4cc-002248568f42"
                              },
                              "body": {
                                "text_1": "@item()?['Role/Value']",
                                "number": "@triggerBody()?['ID']",
                                "text": "''"
                              }
                            }
                          }
                        },
                        "runAfter": {
                          "Get_Editor_Info_By_email": [
                            "Succeeded"
                          ]
                        }
                      },
                      "GetRequestTaskByImmediateUser": {
                        "type": "OpenApiConnection",
                        "inputs": {
                          "parameters": {
                            "dataset": "@parameters('SP_SiteURL (new_SP_SiteURL)')",
                            "table": "26d53b4b-8ad6-44dc-b22a-a614f9cdcf1c",
                            "$filter": "Category eq 'Immediate Manager' and OffBoardingRequestId eq @{outputs('GetOffBoardingRequestById')?['body/ID']}"
                          },
                          "host": {
                            "apiId": "/providers/Microsoft.PowerApps/apis/shared_sharepointonline",
                            "operationId": "GetItems",
                            "connectionName": "shared_sharepointonline"
                          }
                        }
                      },
                      "ImmediateManager_table": {
                        "type": "Table",
                        "inputs": {
                          "from": "@outputs('GetRequestTaskByImmediateUser')?['body/value']",
                          "format": "HTML",
                          "columns": [
                            {
                              "header": "Task",
                              "value": "@item()?['OffBoardingTaskName']"
                            },
                            {
                              "header": "Status",
                              "value": "@item()?['Status/Value']"
                            },
                            {
                              "header": "Remark",
                              "value": "@item()?['Remark']"
                            }
                          ]
                        },
                        "runAfter": {
                          "GetRequestTaskByImmediateUser": [
                            "Succeeded"
                          ]
                        }
                      },
                      "GetRequestTaskByTaskUser": {
                        "type": "OpenApiConnection",
                        "inputs": {
                          "parameters": {
                            "dataset": "@parameters('SP_SiteURL (new_SP_SiteURL)')",
                            "table": "26d53b4b-8ad6-44dc-b22a-a614f9cdcf1c",
                            "$filter": "Category ne 'Immediate Manager' and OffBoardingRequestId eq @{triggerBody()?['ID']}"
                          },
                          "host": {
                            "apiId": "/providers/Microsoft.PowerApps/apis/shared_sharepointonline",
                            "operationId": "GetItems",
                            "connectionName": "shared_sharepointonline"
                          }
                        },
                        "runAfter": {
                          "ImmediateManager_table": [
                            "Succeeded"
                          ]
                        }
                      },
                      "TaskUser_table_": {
                        "type": "Table",
                        "inputs": {
                          "from": "@outputs('GetRequestTaskByTaskUser')?['body/value']",
                          "format": "HTML",
                          "columns": [
                            {
                              "header": "Task Owner",
                              "value": "@item()?['Category']\r\n"
                            },
                            {
                              "header": "Task",
                              "value": "@item()?['OffBoardingTaskName']"
                            },
                            {
                              "header": "Status",
                              "value": "@item()?['Status/Value']"
                            },
                            {
                              "header": "Remark",
                              "value": "@item()?['Remark']"
                            }
                          ]
                        },
                        "runAfter": {
                          "GetRequestTaskByTaskUser": [
                            "Succeeded"
                          ]
                        }
                      }
                    }
                  }
                }
              }
            }
          },
          "else": {
            "actions": {
              "Condition_Check_Old_Version_status_Available_or_Not": {
                "type": "If",
                "expression": {
                  "and": [
                    {
                      "equals": [
                        "@outputs('Compose_Previous_Version')",
                        "@string('Submitted')"
                      ]
                    }
                  ]
                },
                "actions": {
                  "try_2": {
                    "type": "Scope",
                    "description": "Internal flow > ",
                    "actions": {
                      "Run_a_Child_IT_Support_2": {
                        "type": "Workflow",
                        "inputs": {
                          "host": {
                            "workflowReferenceName": "0c9df5cd-3481-f011-b4cc-002248568f42"
                          },
                          "body": {
                            "text_1": "IT Support",
                            "number": "@triggerBody()?['ID']",
                            "text": "Immediate Manager"
                          }
                        }
                      },
                      "Run_a_Child_Facilities_2": {
                        "type": "Workflow",
                        "inputs": {
                          "host": {
                            "workflowReferenceName": "0c9df5cd-3481-f011-b4cc-002248568f42"
                          },
                          "body": {
                            "text_1": "Facilities",
                            "number": "@triggerBody()?['ID']",
                            "text": "Immediate Manager"
                          }
                        },
                        "runAfter": {
                          "Run_a_Child_IT_Support_2": [
                            "Succeeded",
                            "TimedOut",
                            "Skipped",
                            "Failed"
                          ]
                        }
                      },
                      "Run_a_Child_Finance_2": {
                        "type": "Workflow",
                        "inputs": {
                          "host": {
                            "workflowReferenceName": "0c9df5cd-3481-f011-b4cc-002248568f42"
                          },
                          "body": {
                            "text_1": "Finance",
                            "number": "@triggerBody()?['ID']",
                            "text": "Immediate Manager"
                          }
                        },
                        "runAfter": {
                          "Run_a_Child_Facilities_2": [
                            "Succeeded",
                            "TimedOut",
                            "Skipped",
                            "Failed"
                          ]
                        }
                      },
                      "Run_a_Child_HR_Team_2": {
                        "type": "Workflow",
                        "inputs": {
                          "host": {
                            "workflowReferenceName": "0c9df5cd-3481-f011-b4cc-002248568f42"
                          },
                          "body": {
                            "text_1": "HR Team",
                            "number": "@triggerBody()?['ID']",
                            "text": "Immediate Manager"
                          }
                        },
                        "runAfter": {
                          "Run_a_Child_Finance_2": [
                            "Succeeded",
                            "TimedOut",
                            "Skipped",
                            "Failed"
                          ]
                        }
                      },
                      "Run_a_Child_Human_Resources_2": {
                        "type": "Workflow",
                        "inputs": {
                          "host": {
                            "workflowReferenceName": "0c9df5cd-3481-f011-b4cc-002248568f42"
                          },
                          "body": {
                            "text_1": "Human Resources",
                            "number": "@triggerBody()?['ID']",
                            "text": "Immediate Manager"
                          }
                        },
                        "runAfter": {
                          "Run_a_Child_HR_Team_2": [
                            "Succeeded",
                            "TimedOut",
                            "Skipped",
                            "Failed"
                          ]
                        }
                      }
                    }
                  }
                },
                "else": {
                  "actions": {
                    "try_1": {
                      "type": "Scope",
                      "description": "Draft > Submit",
                      "actions": {
                        "Run_a_Child_IT_Support_1": {
                          "type": "Workflow",
                          "inputs": {
                            "host": {
                              "workflowReferenceName": "0c9df5cd-3481-f011-b4cc-002248568f42"
                            },
                            "body": {
                              "text_1": "IT Support",
                              "number": "@triggerBody()?['ID']",
                              "text": "''"
                            }
                          }
                        },
                        "Run_a_Child_Facilities_1": {
                          "type": "Workflow",
                          "inputs": {
                            "host": {
                              "workflowReferenceName": "0c9df5cd-3481-f011-b4cc-002248568f42"
                            },
                            "body": {
                              "text_1": "Facilities",
                              "number": "@triggerBody()?['ID']",
                              "text": "''"
                            }
                          },
                          "runAfter": {
                            "Run_a_Child_IT_Support_1": [
                              "Succeeded",
                              "TimedOut",
                              "Skipped",
                              "Failed"
                            ]
                          }
                        }
                      }
                    }
                  }
                },
                "runAfter": {
                  "For_each": [
                    "Succeeded"
                  ]
                }
              },
              "For_each": {
                "type": "Foreach",
                "foreach": "@outputs('GetRequestorById')?['body/value']",
                "actions": {
                  "SendUserEmail_1": {
                    "type": "OpenApiConnection",
                    "inputs": {
                      "parameters": {
                        "emailMessage/To": "@items('For_each')?['Email']",
                        "emailMessage/Subject": "Status Updated – Offboarding Request @{outputs('GetOffBoardingRequestById')?['body/RequestTicketNumber']}",
                        "emailMessage/Body": "@outputs('Requestor_Email_Template_HTML_1')",
                        "emailMessage/Cc": "@coalesce(parameters('AXA_Email (new_AXA_Email)'), '')",
                        "emailMessage/Importance": "Normal"
                      },
                      "host": {
                        "apiId": "/providers/Microsoft.PowerApps/apis/shared_office365",
                        "operationId": "SendEmailV2",
                        "connectionName": "shared_office365"
                      }
                    },
                    "runAfter": {
                      "Requestor_Email_Template_HTML_1": [
                        "Succeeded"
                      ]
                    },
                    "metadata": {
                      "operationMetadataId": "81f36d07-d5db-46bd-955b-9a0cd6983475"
                    }
                  },
                  "Requestor_Email_Template_HTML_1": {
                    "type": "Compose",
                    "inputs": "<!DOCTYPE html>\n<html>\n<head>\n  <meta charset=\"UTF-8\">\n  @{outputs('Email_Template_CSS')}\n</head>\n<body>\n  <div class=\"email-container\">\n    <div class=\"email-header\">\n      Offboarding Request\n    </div>\n    <div class=\"email-body\">\n      <p>Hi @{items('For_each')?['FullName']},</p>\n\n      <p>The status of your offboarding request has been updated.</p>\n\n         <div class=\"ticket-info\">\n        <strong>Ticket ID:</strong> @{outputs('GetOffBoardingRequestById')?['body/RequestTicketNumber']}<br/>\n        <strong>User Name:</strong> @{trim(\r\n   concat(\r\n      body('GetOffBoardingRequestById')?['FirstName'],\r\n      ' ',\r\n      coalesce(body('GetOffBoardingRequestById')?['MiddleName'], ''),\r\n      ' ',\r\n      body('GetOffBoardingRequestById')?['LastName']\r\n   )\r\n)}<br/>\n        <strong>AXA Email:</strong> @{outputs('GetOffBoardingRequestById')?['body/AXAEmail']}<br/>\n        <strong>Personal Email:</strong> @{outputs('GetOffBoardingRequestById')?['body/PersonalEmailAddress']}<br/>\n        <strong>Personal Mobile:</strong> @{outputs('GetOffBoardingRequestById')?['body/PersonalMobile']}<br/>\n        <strong>Department:</strong> @{body('GetOffBoardingRequestById')?['Department']?['DepartmentName']}<br/>\n        <strong>Onboarding Date:</strong> @{formatDateTime(outputs('GetOffBoardingRequestById')?['body/OnboardingDate'],'dd-MMM-yyyy')}<br/>\n        <strong>Offboarding Date:</strong> @{formatDateTime(outputs('GetOffBoardingRequestById')?['body/OffboardingDate'],'dd-MMM-yyyy')}<br/>\n        <strong>Status:</strong> @{outputs('GetOffBoardingRequestById')?['body/Status/Value']}<br/>\n      </div>\n\n      <p>Best regards,<br/>\n             AXA Team </p>\n    </div>\n    <div class=\"email-footer\">\n      This is an automated email. Please do not reply directly unless instructed.<br/><br/>\n      &copy; @{formatDateTime(utcNow(), 'yyyy')} AXA\n    </div>\n  </div>\n</body>\n</html>\n"
                  },
                  "Post_message_in_a_chat_or_channel_2": {
                    "type": "OpenApiConnection",
                    "inputs": {
                      "parameters": {
                        "poster": "Flow bot",
                        "location": "Chat with Flow bot",
                        "body/recipient": "@items('For_each')?['Email']",
                        "body/messageBody": "<p class=\"editor-paragraph\">Hi @{items('For_each')?['FullName']},<br><br>Your off boarding request ticket @{outputs('GetOffBoardingRequestById')?['body/RequestTicketNumber']} is submitted successfully.</p>"
                      },
                      "host": {
                        "apiId": "/providers/Microsoft.PowerApps/apis/shared_teams",
                        "operationId": "PostMessageToConversation",
                        "connectionName": "shared_teams"
                      }
                    },
                    "runAfter": {
                      "SendUserEmail_1": [
                        "Succeeded"
                      ]
                    }
                  }
                }
              }
            }
          },
          "runAfter": {
            "Compose_Previous_Version": [
              "Succeeded"
            ]
          },
          "metadata": {
            "operationMetadataId": "06218f12-39cb-4a4e-9813-c7a2d13bfa79"
          }
        },
        "GetOffBoardingRequestById": {
          "type": "OpenApiConnection",
          "inputs": {
            "parameters": {
              "dataset": "@outputs('var_SiteURL')",
              "table": "028dc967-f115-4995-b731-7132f49a4a39",
              "id": "@triggerBody()?['ID']"
            },
            "host": {
              "apiId": "/providers/Microsoft.PowerApps/apis/shared_sharepointonline",
              "operationId": "GetItem",
              "connectionName": "shared_sharepointonline"
            }
          },
          "runAfter": {
            "Get_changes_for_an_item_or_a_file_(properties_only)": [
              "Succeeded"
            ]
          },
          "metadata": {
            "operationMetadataId": "b086357a-1d16-4fed-bd0a-96d8cf99aeb9"
          }
        },
        "GetRequestorById": {
          "type": "OpenApiConnection",
          "inputs": {
            "parameters": {
              "dataset": "@parameters('SP_SiteURL (new_SP_SiteURL)')",
              "table": "e4de9473-798e-4dff-aaf6-fa251f7c60e3",
              "$filter": "Email eq '@{body('GetOffBoardingRequestById')?['Author']?['Email']}'"
            },
            "host": {
              "apiId": "/providers/Microsoft.PowerApps/apis/shared_sharepointonline",
              "operationId": "GetItems",
              "connectionName": "shared_sharepointonline"
            }
          },
          "runAfter": {
            "GetOffBoardingRequestById": [
              "Succeeded"
            ]
          }
        },
        "GetImmediateManagerById": {
          "type": "OpenApiConnection",
          "inputs": {
            "parameters": {
              "dataset": "@parameters('SP_SiteURL (new_SP_SiteURL)')",
              "table": "e4de9473-798e-4dff-aaf6-fa251f7c60e3",
              "$filter": "EmployeeID eq '@{triggerBody()?['EmployeeManagerID']}'\n"
            },
            "host": {
              "apiId": "/providers/Microsoft.PowerApps/apis/shared_sharepointonline",
              "operationId": "GetItems",
              "connectionName": "shared_sharepointonline"
            }
          },
          "runAfter": {
            "GetRequestorById": [
              "Succeeded"
            ]
          }
        },
        "Email_Template_CSS": {
          "type": "Compose",
          "inputs": "@parameters('AXA_EmailCSS (new_AXA_NewCSS)')",
          "runAfter": {
            "GetImmediateManagerById": [
              "Succeeded"
            ]
          }
        },
        "Compose": {
          "type": "Compose",
          "inputs": "@string('er')",
          "runAfter": {
            "Condition_Status_column_updated": [
              "Succeeded"
            ]
          }
        },
        "Send_an_HTTP_request_to_SharePoint": {
          "type": "OpenApiConnection",
          "inputs": {
            "parameters": {
              "dataset": "@parameters('SP_SiteURL (new_SP_SiteURL)')",
              "parameters/method": "GET",
              "parameters/uri": "_api/web/lists/GetByTitle('AXA-OffBoardingRequest')/items(@{triggerOutputs()?['body/ID']})/versions"
            },
            "host": {
              "apiId": "/providers/Microsoft.PowerApps/apis/shared_sharepointonline",
              "operationId": "HttpRequest",
              "connectionName": "shared_sharepointonline"
            }
          },
          "runAfter": {
            "Email_Template_CSS": [
              "Succeeded"
            ]
          }
        },
        "Parse_JSON": {
          "type": "ParseJson",
          "inputs": {
            "content": "@body('Send_an_HTTP_request_to_SharePoint')",
            "schema": {
              "type": "object",
              "properties": {
                "value": {
                  "type": "array",
                  "items": {
                    "type": "object",
                    "properties": {
                      "VersionLabel": {
                        "type": "string"
                      },
                      "FieldValues": {
                        "type": "object"
                      }
                    }
                  }
                }
              }
            }
          },
          "runAfter": {
            "Send_an_HTTP_request_to_SharePoint": [
              "Succeeded"
            ]
          }
        },
        "Compose_Previous_Version": {
          "type": "Compose",
          "inputs": "@if(\r\n   lessOrEquals(length(body('Send_an_HTTP_request_to_SharePoint')?['d']?['results']),1),\r\n   'NoPreviousVersion',\r\n   last(\r\n      take(\r\n         body('Send_an_HTTP_request_to_SharePoint')?['d']?['results'],\r\n         sub(length(body('Send_an_HTTP_request_to_SharePoint')?['d']?['results']),1)\r\n      )\r\n   )?['Status']\r\n)",
          "runAfter": {
            "Parse_JSON": [
              "Succeeded"
            ]
          }
        }
      }
    },
    "templateName": null
  },
  "schemaVersion": "1.0.0.0"
}