{
  "properties": {
    "connectionReferences": {
      "shared_sharepointonline": {
        "api": {
          "name": "shared_sharepointonline"
        },
        "connection": {
          "connectionReferenceLogicalName": "new_sharedsharepointonline_f0b2a"
        },
        "runtimeSource": "embedded"
      },
      "shared_office365": {
        "api": {
          "name": "shared_office365"
        },
        "connection": {
          "connectionReferenceLogicalName": "new_sharedoffice365_17067"
        },
        "runtimeSource": "embedded"
      },
      "shared_teams-1": {
        "api": {
          "name": "shared_teams"
        },
        "connection": {
          "connectionReferenceLogicalName": "new_sharedteams_181e8"
        },
        "runtimeSource": "embedded"
      }
    },
    "definition": {
      "$schema": "https://schema.management.azure.com/providers/Microsoft.Logic/schemas/2016-06-01/workflowdefinition.json#",
      "contentVersion": "1.0.0.0",
      "parameters": {
        "$authentication": {
          "defaultValue": {},
          "type": "SecureObject"
        },
        "$connections": {
          "defaultValue": {},
          "type": "Object"
        },
        "SP_SiteURL (new_SP_SiteURL)": {
          "defaultValue": "https://ranosys.sharepoint.com/sites/AXA-ResourceRequestingSystem",
          "type": "String",
          "metadata": {
            "schemaName": "new_SP_SiteURL",
            "description": "Share Point Env Site URL"
          }
        },
        "AXA_EmailCSS (new_AXA_NewCSS)": {
          "defaultValue": "<style>body{font-family:\"Segoe UI\",Roboto,Arial,sans-serif;background-color:#f4f6f8;margin:0;padding:0;color:#333}.email-container{width:100%;max-width:700px;margin:auto;background:#fff;border:1px solid #e0e0e0;border-radius:10px;overflow:hidden;box-shadow:0 4px 10px rgb(0 0 0 / .05)}.email-header{background-color:#004aad;color:#fff;padding:18px 24px;font-size:22px;font-weight:600;letter-spacing:.3px}.email-body{padding:24px;font-size:15px;line-height:1.6}.ticket-info{background:#fafafa;border:1px solid #e0e0e0;padding:15px;margin:20px 0;font-size:14px;border-radius:6px}.email-footer{background-color:#f9fafb;font-size:12px;color:#777;padding:16px 20px;text-align:center;border-top:1px solid #e0e0e0}.email-body table{width:100%;border-collapse:collapse;margin:20px 0;font-size:14px;table-layout:auto}.email-body th,.email-body td{border:1px solid #e0e0e0;padding:12px;text-align:left;word-wrap:break-word}.email-body th{background-color:#004aad;color:#fff;font-weight:600;font-size:14px}.email-body tr:nth-child(even){background-color:#f9f9f9}.email-body tr:hover{background-color:#f1f5ff}</style>",
          "type": "String",
          "metadata": {
            "schemaName": "new_AXA_NewCSS"
          }
        },
        "AXA_Email (new_AXA_Email)": {
          "defaultValue": "yogesh.asopa@ranosys.com",
          "type": "String",
          "metadata": {
            "schemaName": "new_AXA_Email",
            "description": "this value set for which users send email for client required"
          }
        }
      },
      "triggers": {
        "When_an_item_is_created_or_modified": {
          "type": "OpenApiConnection",
          "inputs": {
            "parameters": {
              "dataset": "@parameters('SP_SiteURL (new_SP_SiteURL)')",
              "table": "028dc967-f115-4995-b731-7132f49a4a39"
            },
            "host": {
              "apiId": "/providers/Microsoft.PowerApps/apis/shared_sharepointonline",
              "operationId": "GetOnUpdatedItems",
              "connectionName": "shared_sharepointonline"
            }
          },
          "recurrence": {
            "interval": 1,
            "frequency": "Minute"
          },
          "conditions": [
            {
              "expression": "@equals(triggerBody()?['Status']?['Value'], 'Closed-Approved')"
            }
          ],
          "splitOn": "@triggerOutputs()?['body/value']"
        }
      },
      "actions": {
        "var_SiteURL": {
          "type": "Compose",
          "inputs": "@parameters('SP_SiteURL (new_SP_SiteURL)')",
          "runAfter": {}
        },
        "GetOffBoardingRequestById": {
          "type": "OpenApiConnection",
          "inputs": {
            "parameters": {
              "dataset": "@outputs('var_SiteURL')",
              "table": "028dc967-f115-4995-b731-7132f49a4a39",
              "id": "@triggerBody()?['ID']"
            },
            "host": {
              "apiId": "/providers/Microsoft.PowerApps/apis/shared_sharepointonline",
              "operationId": "GetItem",
              "connectionName": "shared_sharepointonline"
            }
          },
          "runAfter": {
            "var_SiteURL": [
              "Succeeded"
            ]
          },
          "metadata": {
            "operationMetadataId": "b086357a-1d16-4fed-bd0a-96d8cf99aeb9"
          }
        },
        "GetRequestorById": {
          "type": "OpenApiConnection",
          "inputs": {
            "parameters": {
              "dataset": "@parameters('SP_SiteURL (new_SP_SiteURL)')",
              "table": "e4de9473-798e-4dff-aaf6-fa251f7c60e3",
              "$filter": "Email eq '@{body('GetOffBoardingRequestById')?['Author']?['Email']}'"
            },
            "host": {
              "apiId": "/providers/Microsoft.PowerApps/apis/shared_sharepointonline",
              "operationId": "GetItems",
              "connectionName": "shared_sharepointonline"
            }
          },
          "runAfter": {
            "GetOffBoardingRequestById": [
              "Succeeded"
            ]
          }
        },
        "GetImmediateManagerById": {
          "type": "OpenApiConnection",
          "inputs": {
            "parameters": {
              "dataset": "@parameters('SP_SiteURL (new_SP_SiteURL)')",
              "table": "e4de9473-798e-4dff-aaf6-fa251f7c60e3",
              "$filter": "EmployeeID eq '@{triggerBody()?['EmployeeManagerID']}'\n"
            },
            "host": {
              "apiId": "/providers/Microsoft.PowerApps/apis/shared_sharepointonline",
              "operationId": "GetItems",
              "connectionName": "shared_sharepointonline"
            }
          },
          "runAfter": {
            "GetRequestorById": [
              "Succeeded"
            ]
          }
        },
        "Email_Template_CSS": {
          "type": "Compose",
          "inputs": "@parameters('AXA_EmailCSS (new_AXA_NewCSS)')",
          "runAfter": {
            "GetImmediateManagerById": [
              "Succeeded"
            ]
          }
        },
        "Compose": {
          "type": "Compose",
          "inputs": "@string('er')",
          "runAfter": {
            "Apply_to_each": [
              "Succeeded"
            ]
          }
        },
        "For_each": {
          "type": "Foreach",
          "foreach": "@outputs('GetRequestorById')?['body/value']",
          "actions": {
            "SendUserEmail_1": {
              "type": "OpenApiConnection",
              "inputs": {
                "parameters": {
                  "emailMessage/To": "@items('For_each')?['Email']",
                  "emailMessage/Subject": "Confirmation – Updated Status for Request - @{triggerBody()?['RequestTicketNumber']}",
                  "emailMessage/Body": "@outputs('Requestor_Email_Template_HTML_1')",
                  "emailMessage/Cc": "@coalesce(parameters('AXA_Email (new_AXA_Email)'), '')",
                  "emailMessage/Importance": "Normal"
                },
                "host": {
                  "apiId": "/providers/Microsoft.PowerApps/apis/shared_office365",
                  "operationId": "SendEmailV2",
                  "connectionName": "shared_office365"
                }
              },
              "runAfter": {
                "Requestor_Email_Template_HTML_1": [
                  "Succeeded"
                ]
              },
              "metadata": {
                "operationMetadataId": "81f36d07-d5db-46bd-955b-9a0cd6983475"
              }
            },
            "Requestor_Email_Template_HTML_1": {
              "type": "Compose",
              "inputs": "<!DOCTYPE html>\n<html>\n<head>\n  <meta charset=\"UTF-8\">\n  @{outputs('Email_Template_CSS')}\n</head>\n<body>\n  <div class=\"email-container\">\n    <div class=\"email-header\">\n      Offboarding Request\n    </div>\n    <div class=\"email-body\">\n      <p>Hi @{items('For_each')?['FullName']},</p>\n\n      <p>The status of your offboarding request (Request ID: @{triggerBody()?['RequestTicketNumber']}) has been updated.</p>\n      <div class=\"ticket-info\">\n         <strong>Ticket ID:</strong> @{outputs('GetOffBoardingRequestById')?['body/RequestTicketNumber']}<br/>\n        <strong>User Name:</strong> @{trim(\n   concat(\n      body('GetOffBoardingRequestById')?['FirstName'],\n      ' ',\n      coalesce(body('GetOffBoardingRequestById')?['MiddleName'], ''),\n      ' ',\n      body('GetOffBoardingRequestById')?['LastName']\n   )\n)}<br/>\n        <strong>AXA Email:</strong> @{outputs('GetOffBoardingRequestById')?['body/AXAEmail']}<br/>\n        <strong>Personal Email:</strong> @{outputs('GetOffBoardingRequestById')?['body/PersonalEmailAddress']}<br/>\n        <strong>Personal Mobile:</strong> @{outputs('GetOffBoardingRequestById')?['body/PersonalMobile']}<br/>\n        <strong>Department:</strong> @{body('GetOffBoardingRequestById')?['department']?['Value']}<br/>\n        <strong>Onboarding Date:</strong> @{formatDateTime(outputs('GetOffBoardingRequestById')?['body/OnboardingDate'],'dd-MMM-yyyy')}<br/>\n        <strong>Status:</strong> @{outputs('GetOffBoardingRequestById')?['body/Status/Value']}<br/>\n      </div>\n\n      <p>Best regards,<br/>\n      <strong>AXA Team</strong></p>\n    </div>\n    <div class=\"email-footer\">\n      This is an automated email. Please do not reply directly unless instructed.<br/><br/>\n      &copy; @{formatDateTime(utcNow(), 'yyyy')} AXA\n    </div>\n  </div>\n</body>\n</html>\n"
            },
            "Post_message_in_a_chat_or_channel_2": {
              "type": "OpenApiConnection",
              "inputs": {
                "parameters": {
                  "poster": "Flow bot",
                  "location": "Chat with Flow bot",
                  "body/recipient": "@items('For_each')?['Email']",
                  "body/messageBody": "<p class=\"editor-paragraph\">Hi @{items('For_each')?['fullname']},<br><br>OffBoarding Request has been updated successfully.<br><br>Ticket ID: @{outputs('GetOffBoardingRequestById')?['body/RequestTicketNumber']}<br>User Name: @{trim(\n   concat(\n      body('GetOffBoardingRequestById')?['FirstName'],\n      ' ',\n      coalesce(body('GetOffBoardingRequestById')?['MiddleName'], ''),\n      ' ',\n      body('GetOffBoardingRequestById')?['LastName']\n   )\n)}<br>AXA Email: @{outputs('GetOffBoardingRequestById')?['body/AXAEmail']}<br>Personal Email: @{outputs('GetOffBoardingRequestById')?['body/PersonalEmailAddress']}<br>Personal Mobile: @{outputs('GetOffBoardingRequestById')?['body/PersonalMobile']}<br>Department: @{body('GetOffBoardingRequestById')?['department']?['Value']}<br>Onboarding Date: @{formatDateTime(outputs('GetOffBoardingRequestById')?['body/OnboardingDate'],'dd-MMM-yyyy')}<br>Status: @{outputs('GetOffBoardingRequestById')?['body/Status/Value']}</p>"
                },
                "host": {
                  "apiId": "/providers/Microsoft.PowerApps/apis/shared_teams",
                  "operationId": "PostMessageToConversation",
                  "connectionName": "shared_teams-1"
                }
              },
              "runAfter": {
                "SendUserEmail_1": [
                  "Succeeded",
                  "TimedOut",
                  "Skipped",
                  "Failed"
                ]
              }
            }
          },
          "runAfter": {
            "Email_Template_CSS": [
              "Succeeded"
            ]
          }
        },
        "GetEmployeeByRole": {
          "type": "OpenApiConnection",
          "inputs": {
            "parameters": {
              "dataset": "@parameters('SP_SiteURL (new_SP_SiteURL)')",
              "table": "e4de9473-798e-4dff-aaf6-fa251f7c60e3",
              "$filter": "Role/Title eq '@{if(equals(triggerBody()?['IsInternal'], true), 'HR Team', 'ETS Team')}'"
            },
            "host": {
              "apiId": "/providers/Microsoft.PowerApps/apis/shared_sharepointonline",
              "operationId": "GetItems",
              "connectionName": "shared_sharepointonline"
            }
          },
          "runAfter": {
            "For_each": [
              "Succeeded"
            ]
          }
        },
        "GetRequestTaskByCategory": {
          "type": "OpenApiConnection",
          "inputs": {
            "parameters": {
              "dataset": "@parameters('SP_SiteURL (new_SP_SiteURL)')",
              "table": "26d53b4b-8ad6-44dc-b22a-a614f9cdcf1c",
              "$filter": "Category eq '@{if(equals(triggerBody()?['IsInternal'], true), 'HR Team', 'ETS Team')}' and IsInternal eq @{if(equals(triggerBody()?['IsInternal'], true), 1, 0)}"
            },
            "host": {
              "apiId": "/providers/Microsoft.PowerApps/apis/shared_sharepointonline",
              "operationId": "GetItems",
              "connectionName": "shared_sharepointonline"
            }
          },
          "runAfter": {
            "GetEmployeeByRole": [
              "Succeeded"
            ]
          }
        },
        "Create_HTML_table": {
          "type": "Table",
          "inputs": {
            "from": "@outputs('GetRequestTaskByCategory')?['body/value']",
            "format": "HTML",
            "columns": [
              {
                "header": "Task",
                "value": "@item()?['OffBoardingTaskName']"
              },
              {
                "header": "Status",
                "value": "@item()?['Status/Value']"
              },
              {
                "header": "Remark",
                "value": "@item()?['Remark']"
              }
            ]
          },
          "runAfter": {
            "GetRequestTaskByCategory": [
              "Succeeded"
            ]
          }
        },
        "Apply_to_each": {
          "type": "Foreach",
          "foreach": "@outputs('GetEmployeeByRole')?['body/value']",
          "actions": {
            "Task_User_Email_Html": {
              "type": "Compose",
              "inputs": "<!DOCTYPE html>\n<html>\n<head>\n<meta charset=\"UTF-8\">\n@{outputs('EmailCSS')}\n</head>\n<body>\n  <div class=\"email-container\">\n    <div class=\"email-header\">\n      Offboarding Request\n    </div>\n    <div class=\"email-body\">\n      <p>Hello @{items('Apply_to_each')?['FullName']} - Team (@{if(equals(triggerBody()?['IsInternal'], true), 'HR Team', 'ETS Team')}),</p>\n\n      <p>Your update to the offboarding request (Request ID: @{triggerBody()?['RequestTicketNumber']}) has been successfully recorded.</p>\n      \n      <div class=\"ticket-info\">\n     <strong>Ticket ID:</strong> @{outputs('GetOffBoardingRequestById')?['body/RequestTicketNumber']}<br/>\n        <strong>User Name:</strong> @{trim(\n   concat(\n      body('GetOffBoardingRequestById')?['FirstName'],\n      ' ',\n      coalesce(body('GetOffBoardingRequestById')?['MiddleName'], ''),\n      ' ',\n      body('GetOffBoardingRequestById')?['LastName']\n   )\n)}<br/>\n        <strong>AXA Email:</strong> @{outputs('GetOffBoardingRequestById')?['body/AXAEmail']}<br/>\n        <strong>Personal Email:</strong> @{outputs('GetOffBoardingRequestById')?['body/PersonalEmailAddress']}<br/>\n        <strong>Personal Mobile:</strong> @{outputs('GetOffBoardingRequestById')?['body/PersonalMobile']}<br/>\n        <strong>Department:</strong> @{body('GetOffBoardingRequestById')?['department']?['Value']}<br/>\n        <strong>Onboarding Date:</strong> @{formatDateTime(outputs('GetOffBoardingRequestById')?['body/OnboardingDate'],'dd-MMM-yyyy')}<br/>\n        <strong>Status:</strong> @{outputs('GetOffBoardingRequestById')?['body/Status/Value']}<br/>\n</div>\n<div>\n\n      <p>Best regards,</br>\n      AXA Team</p>\n    </div>\n    <div class=\"email-footer\">\n      This is an automated email. Please do not reply directly unless instructed.\n      &copy; @{formatDateTime(utcNow(), 'yyyy')} AXA\n    </div>\n  </div>\n</body>\n</html>\n",
              "runAfter": {
                "EmailCSS": [
                  "Succeeded"
                ]
              }
            },
            "Post_message_in_a_chat_or_channel": {
              "type": "OpenApiConnection",
              "inputs": {
                "parameters": {
                  "poster": "Flow bot",
                  "location": "Chat with Flow bot",
                  "body/recipient": "@items('Apply_to_each')?['Email']",
                  "body/messageBody": "<p class=\"editor-paragraph\">Hi @{items('Apply_to_each')?['FullName']} - Team (@{if(equals(triggerBody()?['IsInternal'], true), 'HR Team', 'ETS Team')}),<br><br>OffBoarding Request has been updated successfully.<br><br>Ticket ID: @{outputs('GetOffBoardingRequestById')?['body/RequestTicketNumber']}<br>User Name: @{trim(\n   concat(\n      body('GetOffBoardingRequestById')?['FirstName'],\n      ' ',\n      coalesce(body('GetOffBoardingRequestById')?['MiddleName'], ''),\n      ' ',\n      body('GetOffBoardingRequestById')?['LastName']\n   )\n)}<br>AXA Email: @{outputs('GetOffBoardingRequestById')?['body/AXAEmail']}<br>Personal Email: @{outputs('GetOffBoardingRequestById')?['body/PersonalEmailAddress']}<br>Personal Mobile: @{outputs('GetOffBoardingRequestById')?['body/PersonalMobile']}<br>Department: @{body('GetOffBoardingRequestById')?['department']?['Value']}<br>Onboarding Date: @{formatDateTime(outputs('GetOffBoardingRequestById')?['body/OnboardingDate'],'dd-MMM-yyyy')}<br>Status: @{outputs('GetOffBoardingRequestById')?['body/Status/Value']}</p>"
                },
                "host": {
                  "apiId": "/providers/Microsoft.PowerApps/apis/shared_teams",
                  "operationId": "PostMessageToConversation",
                  "connectionName": "shared_teams-1"
                }
              },
              "runAfter": {
                "For_each_1": [
                  "Succeeded"
                ]
              }
            },
            "EmailCSS": {
              "type": "Compose",
              "inputs": "@parameters('AXA_EmailCSS (new_AXA_NewCSS)')"
            },
            "For_each_1": {
              "type": "Foreach",
              "foreach": "@outputs('GetRequestorById')?['body/value']",
              "actions": {
                "Send_an_email_(V2)": {
                  "type": "OpenApiConnection",
                  "inputs": {
                    "parameters": {
                      "emailMessage/To": "@items('Apply_to_each')?['email']",
                      "emailMessage/Subject": "Confirmation – Updated Status for Request - @{triggerBody()?['RequestTicketNumber']}",
                      "emailMessage/Body": "<p class=\"editor-paragraph\">@{outputs('Task_User_Email_Html')}</p>",
                      "emailMessage/Cc": "@coalesce(parameters('AXA_Email (new_AXA_Email)'), '')",
                      "emailMessage/Importance": "Normal"
                    },
                    "host": {
                      "apiId": "/providers/Microsoft.PowerApps/apis/shared_office365",
                      "operationId": "SendEmailV2",
                      "connectionName": "shared_office365"
                    }
                  }
                }
              },
              "runAfter": {
                "Task_User_Email_Html": [
                  "Succeeded"
                ]
              }
            }
          },
          "runAfter": {
            "Create_HTML_table": [
              "Succeeded"
            ]
          }
        }
      }
    },
    "templateName": null
  },
  "schemaVersion": "1.0.0.0"
}