{
  "properties": {
    "connectionReferences": {
      "shared_sharepointonline": {
        "api": {
          "name": "shared_sharepointonline"
        },
        "connection": {
          "connectionReferenceLogicalName": "new_sharedsharepointonline_f0b2a"
        },
        "runtimeSource": "embedded"
      },
      "shared_office365-1": {
        "api": {
          "name": "shared_office365"
        },
        "connection": {
          "connectionReferenceLogicalName": "new_sharedoffice365_ca28a"
        },
        "runtimeSource": "embedded"
      },
      "shared_teams": {
        "api": {
          "name": "shared_teams"
        },
        "connection": {
          "connectionReferenceLogicalName": "new_sharedteams_181e8"
        },
        "runtimeSource": "embedded"
      },
      "shared_office365": {
        "api": {
          "name": "shared_office365"
        },
        "connection": {
          "connectionReferenceLogicalName": "new_sharedoffice365_17067"
        },
        "runtimeSource": "embedded"
      }
    },
    "definition": {
      "$schema": "https://schema.management.azure.com/providers/Microsoft.Logic/schemas/2016-06-01/workflowdefinition.json#",
      "contentVersion": "1.0.0.0",
      "parameters": {
        "$authentication": {
          "defaultValue": {},
          "type": "SecureObject"
        },
        "$connections": {
          "defaultValue": {},
          "type": "Object"
        },
        "SP_SiteURL (new_SP_SiteURL)": {
          "defaultValue": "https://ranosys.sharepoint.com/sites/AXA-ResourceRequestingSystem",
          "type": "String",
          "metadata": {
            "schemaName": "new_SP_SiteURL",
            "description": "Share Point Env Site URL"
          }
        },
        "AXA_EmailCSS (new_AXA_NewCSS)": {
          "defaultValue": "<style>body{font-family:\"Segoe UI\",Roboto,Arial,sans-serif;background-color:#f4f6f8;margin:0;padding:0;color:#333}.email-container{width:100%;max-width:700px;margin:auto;background:#fff;border:1px solid #e0e0e0;border-radius:10px;overflow:hidden;box-shadow:0 4px 10px rgb(0 0 0 / .05)}.email-header{background-color:#004aad;color:#fff;padding:18px 24px;font-size:22px;font-weight:600;letter-spacing:.3px}.email-body{padding:24px;font-size:15px;line-height:1.6}.ticket-info{background:#fafafa;border:1px solid #e0e0e0;padding:15px;margin:20px 0;font-size:14px;border-radius:6px}.email-footer{background-color:#f9fafb;font-size:12px;color:#777;padding:16px 20px;text-align:center;border-top:1px solid #e0e0e0}.email-body table{width:100%;border-collapse:collapse;margin:20px 0;font-size:14px;table-layout:auto}.email-body th,.email-body td{border:1px solid #e0e0e0;padding:12px;text-align:left;word-wrap:break-word}.email-body th{background-color:#004aad;color:#fff;font-weight:600;font-size:14px}.email-body tr:nth-child(even){background-color:#f9f9f9}.email-body tr:hover{background-color:#f1f5ff}</style>",
          "type": "String",
          "metadata": {
            "schemaName": "new_AXA_NewCSS"
          }
        },
        "AXA_Email (new_AXA_Email)": {
          "defaultValue": "yogesh.asopa@ranosys.com",
          "type": "String",
          "metadata": {
            "schemaName": "new_AXA_Email",
            "description": "this value set for which users send email for client required"
          }
        }
      },
      "triggers": {
        "When_an_item_is_created_or_modified": {
          "type": "OpenApiConnection",
          "inputs": {
            "parameters": {
              "dataset": "@parameters('SP_SiteURL (new_SP_SiteURL)')",
              "table": "028dc967-f115-4995-b731-7132f49a4a39"
            },
            "host": {
              "apiId": "/providers/Microsoft.PowerApps/apis/shared_sharepointonline",
              "operationId": "GetOnUpdatedItems",
              "connectionName": "shared_sharepointonline"
            }
          },
          "recurrence": {
            "interval": 1,
            "frequency": "Minute"
          },
          "conditions": [
            {
              "expression": "@equals(triggerBody()?['Status']?['Value'], 'In Progress')"
            }
          ],
          "splitOn": "@triggerOutputs()?['body/value']"
        }
      },
      "actions": {
        "var_SiteURL": {
          "type": "Compose",
          "inputs": "@parameters('SP_SiteURL (new_SP_SiteURL)')",
          "runAfter": {}
        },
        "Get_changes_for_an_item_or_a_file_(properties_only)": {
          "type": "OpenApiConnection",
          "inputs": {
            "parameters": {
              "dataset": "@parameters('SP_SiteURL (new_SP_SiteURL)')",
              "table": "028dc967-f115-4995-b731-7132f49a4a39",
              "id": "@triggerBody()?['ID']",
              "since": "@triggerBody()?['{TriggerWindowStartToken}']",
              "includeDrafts": false
            },
            "host": {
              "apiId": "/providers/Microsoft.PowerApps/apis/shared_sharepointonline",
              "operationId": "GetItemChanges",
              "connectionName": "shared_sharepointonline"
            }
          },
          "runAfter": {
            "var_SiteURL": [
              "Succeeded"
            ]
          },
          "metadata": {
            "operationMetadataId": "7386745a-6fd6-46b4-b20c-de53388b3691"
          }
        },
        "GetOffBoardingRequestById": {
          "type": "OpenApiConnection",
          "inputs": {
            "parameters": {
              "dataset": "@outputs('var_SiteURL')",
              "table": "028dc967-f115-4995-b731-7132f49a4a39",
              "id": "@triggerBody()?['ID']"
            },
            "host": {
              "apiId": "/providers/Microsoft.PowerApps/apis/shared_sharepointonline",
              "operationId": "GetItem",
              "connectionName": "shared_sharepointonline"
            }
          },
          "runAfter": {
            "Get_changes_for_an_item_or_a_file_(properties_only)": [
              "Succeeded"
            ]
          },
          "metadata": {
            "operationMetadataId": "b086357a-1d16-4fed-bd0a-96d8cf99aeb9"
          }
        },
        "GetRequestorById": {
          "type": "OpenApiConnection",
          "inputs": {
            "parameters": {
              "dataset": "@parameters('SP_SiteURL (new_SP_SiteURL)')",
              "table": "e4de9473-798e-4dff-aaf6-fa251f7c60e3",
              "$filter": "Email eq '@{body('GetOffBoardingRequestById')?['Author']?['Email']}'"
            },
            "host": {
              "apiId": "/providers/Microsoft.PowerApps/apis/shared_sharepointonline",
              "operationId": "GetItems",
              "connectionName": "shared_sharepointonline"
            }
          },
          "runAfter": {
            "GetOffBoardingRequestById": [
              "Succeeded"
            ]
          }
        },
        "GetImmediateManagerById": {
          "type": "OpenApiConnection",
          "inputs": {
            "parameters": {
              "dataset": "@parameters('SP_SiteURL (new_SP_SiteURL)')",
              "table": "e4de9473-798e-4dff-aaf6-fa251f7c60e3",
              "$filter": "EmployeeID eq '@{triggerBody()?['EmployeeManagerID']}'\n"
            },
            "host": {
              "apiId": "/providers/Microsoft.PowerApps/apis/shared_sharepointonline",
              "operationId": "GetItems",
              "connectionName": "shared_sharepointonline"
            }
          },
          "runAfter": {
            "GetRequestorById": [
              "Succeeded"
            ]
          }
        },
        "Email_Template_CSS": {
          "type": "Compose",
          "inputs": "@parameters('AXA_EmailCSS (new_AXA_NewCSS)')",
          "runAfter": {
            "GetImmediateManagerById": [
              "Succeeded"
            ]
          }
        },
        "Compose": {
          "type": "Compose",
          "inputs": "@string('er')",
          "runAfter": {
            "If_Status_is_same_as_previous": [
              "Succeeded"
            ]
          }
        },
        "Send_an_HTTP_request_to_SharePoint": {
          "type": "OpenApiConnection",
          "inputs": {
            "parameters": {
              "dataset": "@parameters('SP_SiteURL (new_SP_SiteURL)')",
              "parameters/method": "GET",
              "parameters/uri": "_api/web/lists/GetByTitle('AXA-OffBoardingRequest')/items(@{triggerOutputs()?['body/ID']})/versions"
            },
            "host": {
              "apiId": "/providers/Microsoft.PowerApps/apis/shared_sharepointonline",
              "operationId": "HttpRequest",
              "connectionName": "shared_sharepointonline"
            }
          },
          "runAfter": {
            "Create_All_Task_HTML_table": [
              "SUCCEEDED"
            ]
          }
        },
        "Parse_JSON": {
          "type": "ParseJson",
          "inputs": {
            "content": "@body('Send_an_HTTP_request_to_SharePoint')",
            "schema": {
              "type": "object",
              "properties": {
                "value": {
                  "type": "array",
                  "items": {
                    "type": "object",
                    "properties": {
                      "VersionLabel": {
                        "type": "string"
                      },
                      "FieldValues": {
                        "type": "object"
                      }
                    }
                  }
                }
              }
            }
          },
          "runAfter": {
            "Send_an_HTTP_request_to_SharePoint": [
              "Succeeded"
            ]
          }
        },
        "Compose_Previous_Version": {
          "type": "Compose",
          "inputs": "@if(\r\n   lessOrEquals(length(body('Send_an_HTTP_request_to_SharePoint')?['d']?['results']),1),\r\n   'NoPreviousVersion',\r\n   last(\r\n      take(\r\n         body('Send_an_HTTP_request_to_SharePoint')?['d']?['results'],\r\n         sub(length(body('Send_an_HTTP_request_to_SharePoint')?['d']?['results']),1)\r\n      )\r\n   )?['Status']\r\n)",
          "runAfter": {
            "Parse_JSON": [
              "Succeeded"
            ]
          }
        },
        "If_Status_is_same_as_previous": {
          "type": "If",
          "expression": {
            "and": [
              {
                "equals": [
                  "@outputs('Compose_Previous_Version')",
                  "@string('In Progress')"
                ]
              }
            ]
          },
          "actions": {
            "try_9": {
              "type": "Scope",
              "description": "Seve user send and requestor email",
              "actions": {
                "For_each_9": {
                  "type": "Foreach",
                  "foreach": "@outputs('GetRequestorById')?['body/value']",
                  "actions": {
                    "Requestor_Email_Template_HTML_3": {
                      "type": "Compose",
                      "inputs": "<!DOCTYPE html>\n<html>\n<head>\n  <meta charset=\"UTF-8\">\n  @{outputs('Email_Template_CSS')}\n</head>\n<body>\n  <div class=\"email-container\">\n    <div class=\"email-header\">\n      Offboarding Request\n    </div>\n    <div class=\"email-body\">\n      <p>Hi  @{items('For_each_9')?['fullname']},</p>\n\n      <p>Your Offboarding request has been submitted successfully.</p>\n      \n      <div class=\"ticket-info\">\n        <strong>Ticket ID:</strong> @{outputs('GetOffBoardingRequestById')?['body/RequestTicketNumber']}<br/>\n        <strong>User Name:</strong> @{trim(\n   concat(\n      body('GetOffBoardingRequestById')?['FirstName'],\n      ' ',\n      coalesce(body('GetOffBoardingRequestById')?['MiddleName'], ''),\n      ' ',\n      body('GetOffBoardingRequestById')?['LastName']\n   )\n)}<br/>\n        <strong>AXA Email:</strong> @{outputs('GetOffBoardingRequestById')?['body/AXAEmail']}<br/>\n        <strong>Personal Email:</strong> @{outputs('GetOffBoardingRequestById')?['body/PersonalEmailAddress']}<br/>\n        <strong>Personal Mobile:</strong> @{outputs('GetOffBoardingRequestById')?['body/PersonalMobile']}<br/>\n        <strong>Department:</strong> @{body('GetOffBoardingRequestById')?['Department']?['DepartmentName']\t}<br/>\n        <strong>Onboarding Date:</strong> @{formatDateTime(outputs('GetOffBoardingRequestById')?['body/OnboardingDate'],'dd-MMM-yyyy')}<br/>\n        <strong>Status:</strong> @{outputs('GetOffBoardingRequestById')?['body/Status/Value']}<br/>\n      </div>\n@{if(\r\n   equals(outputs('GetOffBoardingRequestById')?['body/IsInternal'], 1),\r\n   concat(\r\n      '<strong>Immediate Manager Response Status</strong><br/>',\r\n      outputs('ImmediateManager_table')\r\n   ),\r\n   ''\r\n)}<br/>\n<strong>Task User Response Status</strong><br/>\n@{body('Create_All_Task_HTML_table')}\n       <p>Best regards,<br/>\n      <strong>AXA Team</strong></p>\n    </div>\n    <div class=\"email-footer\">\n      This is an automated email. Please do not reply directly unless instructed.<br/><br/>\n      &copy; @{formatDateTime(utcNow(), 'yyyy')} AXA\n    </div>\n  </div>\n</body>\n</html>\n"
                    },
                    "SendUserEmail_34": {
                      "type": "OpenApiConnection",
                      "inputs": {
                        "parameters": {
                          "emailMessage/To": "@items('For_each_9')?['email']",
                          "emailMessage/Subject": "New Offboarding Request Submitted - @{outputs('GetOffBoardingRequestById')?['body/RequestTicketNumber']}",
                          "emailMessage/Body": "<p class=\"editor-paragraph\">@{outputs('Requestor_Email_Template_HTML_3')}</p>",
                          "emailMessage/Cc": "@coalesce(parameters('AXA_Email (new_AXA_Email)'), '')\r\n",
                          "emailMessage/Importance": "Normal"
                        },
                        "host": {
                          "apiId": "/providers/Microsoft.PowerApps/apis/shared_office365",
                          "operationId": "SendEmailV2",
                          "connectionName": "shared_office365-1"
                        }
                      },
                      "runAfter": {
                        "Requestor_Email_Template_HTML_3": [
                          "Succeeded"
                        ]
                      },
                      "metadata": {
                        "operationMetadataId": "81f36d07-d5db-46bd-955b-9a0cd6983475"
                      }
                    },
                    "Post_message_in_a_chat_or_channel_1": {
                      "type": "OpenApiConnection",
                      "inputs": {
                        "parameters": {
                          "poster": "Flow bot",
                          "location": "Chat with Flow bot",
                          "body/recipient": "@items('For_each_9')?['email']",
                          "body/messageBody": "<p class=\"editor-paragraph\">Hi @{items('For_each_9')?['fullname']},<br><br>The status of your offboarding request @{outputs('GetOffBoardingRequestById')?['body/RequestTicketNumber']} has been updated.<br><br>Ticket Id : @{outputs('GetOffBoardingRequestById')?['body/RequestTicketNumber']}<br>User Name : @{body('GetOffBoardingRequestById')?['FirstName']}<br>AXA Email : @{body('GetOffBoardingRequestById')?['body/AXAEmail']}<br>Personal Email : @{body('GetOffBoardingRequestById')?['body/PersonalEmailAddress']}<br>Personal Mobile : @{body('GetOffBoardingRequestById')?['body/PersonalMobile']}<br>Department : @{body('GetOffBoardingRequestById')?['Department']?['DepartmentName']}<br>OnBoarding Date : @{formatDateTime(outputs('GetOffBoardingRequestById')?['body/OnboardingDate'],'dd-MMM-yyyy')}<br>OffBoarding Date : @{formatDateTime(outputs('GetOffBoardingRequestById')?['body/OffboardingDate'],'dd-MMM-yyyy')}<br>Status: @{outputs('GetOffBoardingRequestById')?['body/Status/Value']}</p>"
                        },
                        "host": {
                          "apiId": "/providers/Microsoft.PowerApps/apis/shared_teams",
                          "operationId": "PostMessageToConversation",
                          "connectionName": "shared_teams"
                        }
                      },
                      "runAfter": {
                        "SendUserEmail_34": [
                          "Succeeded"
                        ]
                      }
                    }
                  }
                },
                "Get_Editor_Info_By_email": {
                  "type": "OpenApiConnection",
                  "inputs": {
                    "parameters": {
                      "dataset": "@parameters('SP_SiteURL (new_SP_SiteURL)')",
                      "table": "e4de9473-798e-4dff-aaf6-fa251f7c60e3",
                      "$filter": "Email eq '@{body('GetOffBoardingRequestById')?['Editor']?['Email']}'"
                    },
                    "host": {
                      "apiId": "/providers/Microsoft.PowerApps/apis/shared_sharepointonline",
                      "operationId": "GetItems",
                      "connectionName": "shared_sharepointonline"
                    }
                  },
                  "runAfter": {
                    "For_each_9": [
                      "Succeeded"
                    ]
                  }
                },
                "For_each_1": {
                  "type": "Foreach",
                  "foreach": "@outputs('Get_Editor_Info_By_email')?['body/value']",
                  "actions": {
                    "Run_a_Child_IT_Support_3": {
                      "type": "Workflow",
                      "inputs": {
                        "host": {
                          "workflowReferenceName": "ef75a8cd-3e81-f011-b4cc-002248568f42"
                        },
                        "body": {
                          "text_1": "@item()?['Role/Value']",
                          "number": "@triggerBody()?['ID']",
                          "text": "''"
                        }
                      }
                    }
                  },
                  "runAfter": {
                    "Get_Editor_Info_By_email": [
                      "Succeeded"
                    ]
                  }
                }
              }
            }
          },
          "else": {
            "actions": {
              "try_8": {
                "type": "Scope",
                "description": "First time  status update",
                "actions": {
                  "For_each_8": {
                    "type": "Foreach",
                    "foreach": "@outputs('GetRequestorById')?['body/value']",
                    "actions": {
                      "Requestor_Email_Template_HTML_8": {
                        "type": "Compose",
                        "inputs": "<!DOCTYPE html>\n<html>\n<head>\n  <meta charset=\"UTF-8\">\n  @{outputs('Email_Template_CSS')}\n</head>\n<body>\n  <div class=\"email-container\">\n    <div class=\"email-header\">\n      Offboarding Request\n    </div>\n    <div class=\"email-body\">\n      <p>Hi  @{items('For_each_8')?['FullName']},</p>\n\n      <p>The status of your offboarding request has been updated.</p>\n      \n      <div class=\"ticket-info\">\n        <strong>Ticket ID:</strong> @{outputs('GetOffBoardingRequestById')?['body/RequestTicketNumber']}<br/>\n        <strong>User Name:</strong> @{trim(\r\n   concat(\r\n      body('GetOffBoardingRequestById')?['FirstName'],\r\n      ' ',\r\n      coalesce(body('GetOffBoardingRequestById')?['MiddleName'], ''),\r\n      ' ',\r\n      body('GetOffBoardingRequestById')?['LastName']\r\n   )\r\n)}<br/>\n        <strong>AXA Email:</strong> @{outputs('GetOffBoardingRequestById')?['body/AXAEmail']}<br/>\n        <strong>Personal Email:</strong> @{outputs('GetOffBoardingRequestById')?['body/PersonalEmailAddress']}<br/>\n        <strong>Personal Mobile:</strong> @{outputs('GetOffBoardingRequestById')?['body/PersonalMobile']}<br/>\n        <strong>Department:</strong> @{body('GetOffBoardingRequestById')?['Department']?['DepartmentName']\t}<br/>\n        <strong>Onboarding Date:</strong> @{formatDateTime(outputs('GetOffBoardingRequestById')?['body/OnboardingDate'],'dd-MMM-yyyy')}<br/>\n        <strong>Status:</strong> @{outputs('GetOffBoardingRequestById')?['body/Status/Value']}<br/>\n      </div>\n     @{if(\r\n   equals(outputs('GetOffBoardingRequestById')?['body/IsInternal'], 1),\r\n   concat(\r\n      '<strong>Immediate Manager Response Status</strong><br/>',\r\n      outputs('ImmediateManager_table')\r\n   ),\r\n   ''\r\n)}<br/>\n<strong>Task User Response Status</strong><br/>\n@{body('Create_All_Task_HTML_table')}\n      <p>Best regards,<br/>\n             AXA Team</p>\n    </div>\n    <div class=\"email-footer\">\n      This is an automated email. Please do not reply directly unless instructed.<br/><br/>\n      &copy; @{formatDateTime(utcNow(), 'yyyy')} AXA\n    </div>\n  </div>\n</body>\n</html>\n"
                      },
                      "SendUserEmail_8": {
                        "type": "OpenApiConnection",
                        "inputs": {
                          "parameters": {
                            "emailMessage/To": "@items('For_each_8')?['email']",
                            "emailMessage/Subject": "Status Updated – Offboarding Request - @{outputs('GetOffBoardingRequestById')?['body/RequestTicketNumber']}",
                            "emailMessage/Body": "<p class=\"editor-paragraph\">@{outputs('Requestor_Email_Template_HTML_8')}</p>",
                            "emailMessage/Cc": "@coalesce(parameters('AXA_Email (new_AXA_Email)'), '')\r\n",
                            "emailMessage/Importance": "Normal"
                          },
                          "host": {
                            "apiId": "/providers/Microsoft.PowerApps/apis/shared_office365",
                            "operationId": "SendEmailV2",
                            "connectionName": "shared_office365"
                          }
                        },
                        "runAfter": {
                          "Requestor_Email_Template_HTML_8": [
                            "Succeeded"
                          ]
                        },
                        "metadata": {
                          "operationMetadataId": "81f36d07-d5db-46bd-955b-9a0cd6983475"
                        }
                      },
                      "Post_message_in_a_chat_or_channel_8": {
                        "type": "OpenApiConnection",
                        "inputs": {
                          "parameters": {
                            "poster": "Flow bot",
                            "location": "Chat with Flow bot",
                            "body/recipient": "@items('For_each_8')?['email']",
                            "body/messageBody": "<p class=\"editor-paragraph\">Hi @{items('For_each_8')?['fullname']},<br><br>The status of your offboarding request @{outputs('GetOffBoardingRequestById')?['body/RequestTicketNumber']} has been updated.<br><br>Ticket Id : @{outputs('GetOffBoardingRequestById')?['body/RequestTicketNumber']}<br>User Name : @{body('GetOffBoardingRequestById')?['FirstName']}<br>AXA Email : @{body('GetOffBoardingRequestById')?['body/AXAEmail']}<br>Personal Email : @{body('GetOffBoardingRequestById')?['body/PersonalEmailAddress']}<br>Personal Mobile : @{body('GetOffBoardingRequestById')?['body/PersonalMobile']}<br>Department : @{body('GetOffBoardingRequestById')?['Department']?['DepartmentName']}<br>OnBoarding Date : @{formatDateTime(outputs('GetOffBoardingRequestById')?['body/OnboardingDate'],'dd-MMM-yyyy')}<br>OffBoarding Date : @{formatDateTime(outputs('GetOffBoardingRequestById')?['body/OffboardingDate'],'dd-MMM-yyyy')}<br>Status: @{outputs('GetOffBoardingRequestById')?['body/Status/Value']}</p><br>"
                          },
                          "host": {
                            "apiId": "/providers/Microsoft.PowerApps/apis/shared_teams",
                            "operationId": "PostMessageToConversation",
                            "connectionName": "shared_teams"
                          }
                        },
                        "runAfter": {
                          "SendUserEmail_8": [
                            "Succeeded"
                          ]
                        }
                      }
                    }
                  },
                  "IsInternal": {
                    "type": "If",
                    "expression": {
                      "and": [
                        {
                          "equals": [
                            "@triggerBody()?['IsInternal']",
                            true
                          ]
                        }
                      ]
                    },
                    "actions": {
                      "Run_a_Child_HR_Team": {
                        "type": "Workflow",
                        "inputs": {
                          "host": {
                            "workflowReferenceName": "0c9df5cd-3481-f011-b4cc-002248568f42"
                          },
                          "body": {
                            "text_1": "HR Team",
                            "number": "@triggerBody()?['ID']",
                            "text": "Immediate Manager"
                          }
                        }
                      }
                    },
                    "else": {
                      "actions": {
                        "Run_a_Child_ETS_Team": {
                          "type": "Workflow",
                          "inputs": {
                            "host": {
                              "workflowReferenceName": "0c9df5cd-3481-f011-b4cc-002248568f42"
                            },
                            "body": {
                              "text_1": "ETS Team",
                              "number": "@triggerBody()?['ID']",
                              "text": "Immediate Manager"
                            }
                          }
                        }
                      }
                    },
                    "runAfter": {
                      "For_each_8": [
                        "Succeeded"
                      ]
                    }
                  }
                }
              }
            }
          },
          "runAfter": {
            "Compose_Previous_Version": [
              "Succeeded"
            ]
          }
        },
        "Condition": {
          "type": "If",
          "expression": {
            "and": [
              {
                "equals": [
                  "@body('GetOffBoardingRequestById')?['IsInternal']",
                  1
                ]
              }
            ]
          },
          "actions": {
            "GetRequestTaskByImmediateUser": {
              "type": "OpenApiConnection",
              "inputs": {
                "parameters": {
                  "dataset": "@parameters('SP_SiteURL (new_SP_SiteURL)')",
                  "table": "26d53b4b-8ad6-44dc-b22a-a614f9cdcf1c",
                  "$filter": "Category eq '@{string('Immediate Manager')}' and OffBoardingRequestId eq @{outputs('GetOffBoardingRequestById')?['body/ID']}"
                },
                "host": {
                  "apiId": "/providers/Microsoft.PowerApps/apis/shared_sharepointonline",
                  "operationId": "GetItems",
                  "connectionName": "shared_sharepointonline"
                }
              }
            },
            "ImmediateManager_table": {
              "type": "Table",
              "inputs": {
                "from": "@outputs('GetRequestTaskByImmediateUser')?['body/value']",
                "format": "HTML",
                "columns": [
                  {
                    "header": "Task",
                    "value": "@item()?['OffBoardingTaskName']"
                  },
                  {
                    "header": "Status",
                    "value": "@item()?['Status/Value']"
                  },
                  {
                    "header": "Remark",
                    "value": "@item()?['Remark']"
                  }
                ]
              },
              "runAfter": {
                "GetRequestTaskByImmediateUser": [
                  "Succeeded"
                ]
              }
            }
          },
          "else": {
            "actions": {}
          },
          "runAfter": {
            "Email_Template_CSS": [
              "Succeeded"
            ]
          }
        },
        "GetRequestAllTask": {
          "type": "OpenApiConnection",
          "inputs": {
            "parameters": {
              "dataset": "@parameters('SP_SiteURL (new_SP_SiteURL)')",
              "table": "26d53b4b-8ad6-44dc-b22a-a614f9cdcf1c",
              "$filter": "Category ne '@{string('Immediate Manager')}' and OffBoardingRequestId eq @{outputs('GetOffBoardingRequestById')?['body/ID']}\n"
            },
            "host": {
              "apiId": "/providers/Microsoft.PowerApps/apis/shared_sharepointonline",
              "operationId": "GetItems",
              "connectionName": "shared_sharepointonline"
            }
          },
          "runAfter": {
            "Condition": [
              "SUCCEEDED"
            ]
          }
        },
        "Create_All_Task_HTML_table": {
          "type": "Table",
          "inputs": {
            "from": "@outputs('GetRequestAllTask')?['body/value']",
            "format": "HTML",
            "columns": [
              {
                "header": "Task Onwer",
                "value": "@item()?['Category']"
              },
              {
                "header": "Task",
                "value": "@item()?['OffBoardingTaskName']"
              },
              {
                "header": "Status",
                "value": "@item()?['Status/Value']"
              },
              {
                "header": "Remark",
                "value": "@item()?['Remark']"
              }
            ]
          },
          "runAfter": {
            "GetRequestAllTask": [
              "SUCCEEDED"
            ]
          }
        }
      }
    },
    "templateName": null
  },
  "schemaVersion": "1.0.0.0"
}