{
  "properties": {
    "connectionReferences": {
      "shared_sharepointonline": {
        "api": {
          "name": "shared_sharepointonline"
        },
        "connection": {
          "connectionReferenceLogicalName": "new_sharedsharepointonline_f0b2a"
        },
        "runtimeSource": "embedded"
      },
      "shared_teams": {
        "api": {
          "name": "shared_teams"
        },
        "connection": {
          "connectionReferenceLogicalName": "new_sharedteams_181e8"
        },
        "runtimeSource": "embedded"
      },
      "shared_office365": {
        "api": {
          "name": "shared_office365"
        },
        "connection": {
          "connectionReferenceLogicalName": "new_sharedoffice365_17067"
        },
        "runtimeSource": "embedded"
      }
    },
    "definition": {
      "$schema": "https://schema.management.azure.com/providers/Microsoft.Logic/schemas/2016-06-01/workflowdefinition.json#",
      "contentVersion": "1.0.0.0",
      "parameters": {
        "$authentication": {
          "defaultValue": {},
          "type": "SecureObject"
        },
        "$connections": {
          "defaultValue": {},
          "type": "Object"
        },
        "SP_SiteURL (new_SP_SiteURL)": {
          "defaultValue": "https://ranosys.sharepoint.com/sites/AXA-ResourceRequestingSystem",
          "type": "String",
          "metadata": {
            "schemaName": "new_SP_SiteURL",
            "description": "Share Point Env Site URL"
          }
        },
        "AXA_EmailCSS (new_AXA_NewCSS)": {
          "defaultValue": "<style>body{font-family:\"Segoe UI\",Roboto,Arial,sans-serif;background-color:#f4f6f8;margin:0;padding:0;color:#333}.email-container{width:100%;max-width:700px;margin:auto;background:#fff;border:1px solid #e0e0e0;border-radius:10px;overflow:hidden;box-shadow:0 4px 10px rgb(0 0 0 / .05)}.email-header{background-color:#004aad;color:#fff;padding:18px 24px;font-size:22px;font-weight:600;letter-spacing:.3px}.email-body{padding:24px;font-size:15px;line-height:1.6}.ticket-info{background:#fafafa;border:1px solid #e0e0e0;padding:15px;margin:20px 0;font-size:14px;border-radius:6px}.email-footer{background-color:#f9fafb;font-size:12px;color:#777;padding:16px 20px;text-align:center;border-top:1px solid #e0e0e0}.email-body table{width:100%;border-collapse:collapse;margin:20px 0;font-size:14px;table-layout:auto}.email-body th,.email-body td{border:1px solid #e0e0e0;padding:12px;text-align:left;word-wrap:break-word}.email-body th{background-color:#004aad;color:#fff;font-weight:600;font-size:14px}.email-body tr:nth-child(even){background-color:#f9f9f9}.email-body tr:hover{background-color:#f1f5ff}</style>",
          "type": "String",
          "metadata": {
            "schemaName": "new_AXA_NewCSS"
          }
        },
        "AXA_Email (new_AXA_Email)": {
          "defaultValue": "yogesh.asopa@ranosys.com",
          "type": "String",
          "metadata": {
            "schemaName": "new_AXA_Email",
            "description": "this value set for which users send email for client required"
          }
        }
      },
      "triggers": {
        "When_an_item_is_created_or_modified": {
          "type": "OpenApiConnection",
          "inputs": {
            "parameters": {
              "dataset": "@parameters('SP_SiteURL (new_SP_SiteURL)')",
              "table": "c62220e2-0199-4590-a2b1-53126c81b8c4"
            },
            "host": {
              "apiId": "/providers/Microsoft.PowerApps/apis/shared_sharepointonline",
              "operationId": "GetOnUpdatedItems",
              "connectionName": "shared_sharepointonline"
            }
          },
          "recurrence": {
            "interval": 1,
            "frequency": "Minute"
          },
          "conditions": [
            {
              "expression": "@not(equals(triggerBody()?['Status/Value'], 'Draft'))"
            }
          ],
          "splitOn": "@triggerOutputs()?['body/value']",
          "metadata": {
            "operationMetadataId": "23f2941e-25a3-474d-960d-25540773ab6b"
          }
        }
      },
      "actions": {
        "Condition": {
          "type": "If",
          "expression": {
            "and": [
              {
                "equals": [
                  "@outputs('GetOnBoardingIteamById')?['body/ResourceType/Value']",
                  "External"
                ]
              }
            ]
          },
          "actions": {
            "GetExternalETSTeamInfo": {
              "type": "OpenApiConnection",
              "inputs": {
                "parameters": {
                  "dataset": "https://ranosys.sharepoint.com/sites/AXA-ResourceRequestingSystem",
                  "table": "e4de9473-798e-4dff-aaf6-fa251f7c60e3",
                  "$filter": "Role/Title eq 'ETS Team'"
                },
                "host": {
                  "apiId": "/providers/Microsoft.PowerApps/apis/shared_sharepointonline",
                  "operationId": "GetItems",
                  "connectionName": "shared_sharepointonline"
                }
              },
              "metadata": {
                "operationMetadataId": "62c0b86f-4559-4ea3-9f73-7a5812e0a050"
              }
            },
            "Condition_2": {
              "type": "If",
              "expression": {
                "and": [
                  {
                    "greater": [
                      "@length(outputs('GetExternalETSTeamInfo')?['body/value'])",
                      0
                    ]
                  }
                ]
              },
              "actions": {
                "Select": {
                  "type": "Select",
                  "inputs": {
                    "from": "@outputs('GetExternalETSTeamInfo')?['body/value']",
                    "select": "@item()?['Email']"
                  },
                  "metadata": {
                    "operationMetadataId": "0fa63e4d-bdfd-4832-80aa-60dc2d7b9cf2"
                  }
                },
                "Join": {
                  "type": "Join",
                  "inputs": {
                    "from": "@body('Select')",
                    "joinWith": ";"
                  },
                  "runAfter": {
                    "Select": [
                      "Succeeded"
                    ]
                  },
                  "metadata": {
                    "operationMetadataId": "8c0e3200-67eb-40ed-a1be-f11b4b3e43e1"
                  }
                },
                "Apply_to_each": {
                  "type": "Foreach",
                  "foreach": "@outputs('GetExternalETSTeamInfo')?['body/value']",
                  "actions": {
                    "Post_message_in_a_chat_or_channel": {
                      "type": "OpenApiConnection",
                      "inputs": {
                        "parameters": {
                          "poster": "Flow bot",
                          "location": "Chat with Flow bot",
                          "body/recipient": "@{items('Apply_to_each')?['Email']};",
                          "body/messageBody": "<p class=\"editor-paragraph\">Hi @{items('Apply_to_each')?['FullName']} (ETS Team),</p><br><p class=\"editor-paragraph\">OnBoarding Request has been updated successfully.</p><br><p class=\"editor-paragraph\">Ticket ID: @{outputs('GetOnBoardingIteamById')?['body/RequestTicketNumber']}<br>User Name: @{trim(\n   concat(\n      outputs('GetOnBoardingIteamById')?['body/Name'], ' ',\n      coalesce(outputs('GetOnBoardingIteamById')?['body/MiddleName'], ''), ' ',\n      outputs('GetOnBoardingIteamById')?['body/LastName']\n   )\n)\n}<br>AXA Email:   @{if(empty(outputs('GetOnBoardingIteamById')?['body/AXAEmail']), '', outputs('GetOnBoardingIteamById')?['body/AXAEmail'])}<br>Department: @{outputs('GetOnBoardingIteamById')?['body/Department/Value']}<br>Onboarding Date: @{if(empty(outputs('GetOnBoardingIteamById')?['body/OnboardingDate']),\r\n   '',\r\n   formatDateTime(outputs('GetOnBoardingIteamById')?['body/OnboardingDate'], 'dd-MMM-yyyy')\r\n)}<br>Status: @{outputs('GetOnBoardingIteamById')?['body/Status/Value']}</p><p class=\"editor-paragraph\">@{\r\nif(\r\n   equals(outputs('GetOnBoardingIteamById')?['body/Status/Value'], 'Need More Info'),\r\n   concat('Approver Remark : ', coalesce(outputs('GetOnBoardingIteamById')?['body/ApproverComment'], '')),\r\n   ''\r\n)\r\n\r\n\r\n}<br></p><br>"
                        },
                        "host": {
                          "apiId": "/providers/Microsoft.PowerApps/apis/shared_teams",
                          "operationId": "PostMessageToConversation",
                          "connectionName": "shared_teams"
                        }
                      },
                      "runAfter": {
                        "Send_an_email_(V2)": [
                          "Succeeded"
                        ]
                      },
                      "metadata": {
                        "operationMetadataId": "f7045f58-16e6-4af8-b9c9-919df17bd8d9"
                      }
                    },
                    "Send_an_email_(V2)": {
                      "type": "OpenApiConnection",
                      "inputs": {
                        "parameters": {
                          "emailMessage/To": "@items('Apply_to_each')?['Email']",
                          "emailMessage/Subject": "@outputs('Other_Email_Subject')",
                          "emailMessage/Body": "<p class=\"editor-paragraph\">@{outputs('User_Email_Template_HTML')}<br></p><br>",
                          "emailMessage/Cc": "@coalesce(parameters('AXA_Email (new_AXA_Email)'), '')",
                          "emailMessage/Importance": "Normal"
                        },
                        "host": {
                          "apiId": "/providers/Microsoft.PowerApps/apis/shared_office365",
                          "operationId": "SendEmailV2",
                          "connectionName": "shared_office365"
                        }
                      },
                      "runAfter": {
                        "User_Email_Template_HTML": [
                          "Succeeded"
                        ]
                      },
                      "metadata": {
                        "operationMetadataId": "d87fcefb-347a-4987-ab77-1034f925b615"
                      }
                    },
                    "User_Email_Template_HTML": {
                      "type": "Compose",
                      "inputs": "<!DOCTYPE html>\n<html>\n<head>\n  <meta charset=\"UTF-8\">\n  @{outputs('EmailCss')}\n</head>\n<body>\n  <div class=\"email-container\">\n    <div class=\"email-header\">\n      On-Boarding Request \n    </div>\n    <div class=\"email-body\">\n      <p>Hi @{items('Apply_to_each')?['FullName']} (ETS Team),</p>\n      <p>@{outputs('Other_Email_Body_Text')}</p>\n      \n      <div class=\"ticket-info\">\n        <strong>Ticket ID:</strong> @{outputs('GetOnBoardingIteamById')?['body/RequestTicketNumber']} <br/>\n        <strong>User Name:</strong> @{trim(\r\n   concat(\r\n      outputs('GetOnBoardingIteamById')?['body/Name'], ' ',\r\n      coalesce(outputs('GetOnBoardingIteamById')?['body/MiddleName'], ''), ' ',\r\n      outputs('GetOnBoardingIteamById')?['body/LastName']\r\n   )\r\n)\r\n} <br/>\n        <strong>AXA Email:</strong>  @{if(empty(outputs('GetOnBoardingIteamById')?['body/AXAEmail']), '', outputs('GetOnBoardingIteamById')?['body/AXAEmail'])\r\n}<br/>\n        <strong>Department:</strong> @{outputs('GetOnBoardingIteamById')?['body/Department/Value']}<br/>\n        <strong>Onboarding Date:</strong> @{if(empty(outputs('GetOnBoardingIteamById')?['body/OnboardingDate']),\r\n   '',\r\n   formatDateTime(outputs('GetOnBoardingIteamById')?['body/OnboardingDate'], 'dd-MMM-yyyy')\r\n)\r\n}<br/>\n        <strong>Status:</strong> @{outputs('GetOnBoardingIteamById')?['body/Status/Value']}<br/>\n@{\r\nif(\r\n   equals(outputs('GetOnBoardingIteamById')?['body/Status/Value'], 'Need More Info'),\r\n   concat('<strong>Approver Remark :</strong> ', coalesce(outputs('GetOnBoardingIteamById')?['body/ApproverComment'], '')),\r\n   ''\r\n)\r\n\r\n\r\n}\n      </div>\n<div>\n\n</div>\n<div>\n@{if(\r\n    or(\r\n        equals(outputs('GetOnBoardingIteamById')?['body/Status/Value'], 'Submitted'),\r\n        equals(outputs('GetOnBoardingIteamById')?['body/Status/Value'], 'Need More Info')\r\n    ),\r\n    body('Create_HTML_table_Submit'),\r\n    body('Create_HTML_table_Approve')\r\n)\r\n}\n</div>\n\n      <p>@{if(\r\n    equals(\r\n        toLower(trim(outputs('GetOnBoardingIteamById')?['body/Status/Value'])),\r\n        'need more info'\r\n    ),\r\n    'The concerned member has been notified and will provide the required details. You will receive an update once the information is available.',\r\n    ''\r\n)\r\n}</p>\n\n      <p>Best regards,<br/>\n              AXA Team</p>\n    </div>\n    <div class=\"email-footer\">\n      This is an automated email. Please do not reply directly unless instructed.<br/><br/>\n      &copy; @{formatDateTime(utcNow(), 'yyyy')} AXA\n    </div>\n  </div>\n</body>\n</html>\n",
                      "metadata": {
                        "operationMetadataId": "77250dcf-ed41-4bd3-95b2-f503a2fe6a56"
                      }
                    }
                  },
                  "runAfter": {
                    "Join": [
                      "Succeeded"
                    ]
                  },
                  "metadata": {
                    "operationMetadataId": "b0dc1ad6-76bd-488e-bf3f-83c1a1e72f1f"
                  }
                }
              },
              "else": {
                "actions": {}
              },
              "runAfter": {
                "GetExternalETSTeamInfo": [
                  "Succeeded"
                ]
              },
              "metadata": {
                "operationMetadataId": "c1adabc9-4b19-4e2a-a5f6-81b0ca6a25a8"
              }
            }
          },
          "else": {
            "actions": {
              "GetInternalHRTeamInfo": {
                "type": "OpenApiConnection",
                "inputs": {
                  "parameters": {
                    "dataset": "https://ranosys.sharepoint.com/sites/AXA-ResourceRequestingSystem",
                    "table": "e4de9473-798e-4dff-aaf6-fa251f7c60e3",
                    "$filter": "Role/Title eq 'HR Team'"
                  },
                  "host": {
                    "apiId": "/providers/Microsoft.PowerApps/apis/shared_sharepointonline",
                    "operationId": "GetItems",
                    "connectionName": "shared_sharepointonline"
                  }
                },
                "metadata": {
                  "operationMetadataId": "e04c8600-84c5-42c4-81a9-91a11adca117"
                }
              },
              "Condition_1": {
                "type": "If",
                "expression": {
                  "and": [
                    {
                      "greater": [
                        "@length(outputs('GetInternalHRTeamInfo')?['body/value'])",
                        0
                      ]
                    }
                  ]
                },
                "actions": {
                  "Select_1": {
                    "type": "Select",
                    "inputs": {
                      "from": "@outputs('GetInternalHRTeamInfo')?['body/value']",
                      "select": "@item()?['Email']"
                    },
                    "metadata": {
                      "operationMetadataId": "a3dd25d8-0f47-4d13-bbd3-2b5ac2a9b0e5"
                    }
                  },
                  "Join_1": {
                    "type": "Join",
                    "inputs": {
                      "from": "@body('Select_1')",
                      "joinWith": ";"
                    },
                    "runAfter": {
                      "Select_1": [
                        "Succeeded"
                      ]
                    },
                    "metadata": {
                      "operationMetadataId": "3aafbca4-83e5-4382-9851-2d5616498a8b"
                    }
                  },
                  "Apply_to_each_1": {
                    "type": "Foreach",
                    "foreach": "@outputs('GetInternalHRTeamInfo')?['body/value']",
                    "actions": {
                      "Post_message_in_a_chat_or_channel_1": {
                        "type": "OpenApiConnection",
                        "inputs": {
                          "parameters": {
                            "poster": "Flow bot",
                            "location": "Chat with Flow bot",
                            "body/recipient": "@{items('Apply_to_each_1')?['Email']};",
                            "body/messageBody": "<p class=\"editor-paragraph\">Hi @{items('Apply_to_each_1')?['FullName']} (HR Team),</p><br><p class=\"editor-paragraph\">OnBoarding Request has been updated successfully.<br><br>Ticket ID: @{outputs('GetOnBoardingIteamById')?['body/RequestTicketNumber']}<br>User Name: @{trim(\n   concat(\n      outputs('GetOnBoardingIteamById')?['body/Name'], ' ',\n      coalesce(outputs('GetOnBoardingIteamById')?['body/MiddleName'], ''), ' ',\n      outputs('GetOnBoardingIteamById')?['body/LastName']\n   )\n)\n}<br>AXA Email:   @{if(empty(outputs('GetOnBoardingIteamById')?['body/AXAEmail']), '', outputs('GetOnBoardingIteamById')?['body/AXAEmail'])}<br>Department: @{outputs('GetOnBoardingIteamById')?['body/Department/Value']}<br>Onboarding Date: @{if(empty(outputs('GetOnBoardingIteamById')?['body/OnboardingDate']),\r\n   '',\r\n   formatDateTime(outputs('GetOnBoardingIteamById')?['body/OnboardingDate'], 'dd-MMM-yyyy')\r\n)}<br>Status: @{outputs('GetOnBoardingIteamById')?['body/Status/Value']}</p><p class=\"editor-paragraph\">@{\r\nif(\r\n   equals(outputs('GetOnBoardingIteamById')?['body/Status/Value'], 'Need More Info'),\r\n   concat('Approver Remark : ', coalesce(outputs('GetOnBoardingIteamById')?['body/ApproverComment'], '')),\r\n   ''\r\n)\r\n\r\n\r\n}</p>"
                          },
                          "host": {
                            "apiId": "/providers/Microsoft.PowerApps/apis/shared_teams",
                            "operationId": "PostMessageToConversation",
                            "connectionName": "shared_teams"
                          }
                        },
                        "runAfter": {
                          "Send_an_email_(V2)_1": [
                            "Succeeded"
                          ]
                        },
                        "metadata": {
                          "operationMetadataId": "33ddac44-38d0-4a47-b4f2-5a6975da71e1"
                        }
                      },
                      "Send_an_email_(V2)_1": {
                        "type": "OpenApiConnection",
                        "inputs": {
                          "parameters": {
                            "emailMessage/To": "@items('Apply_to_each_1')?['Email']",
                            "emailMessage/Subject": "@outputs('Other_Email_Subject')",
                            "emailMessage/Body": "<p class=\"editor-paragraph\">@{outputs('User_Email_Template_HTML_1')}</p><br>",
                            "emailMessage/Cc": "@coalesce(parameters('AXA_Email (new_AXA_Email)'), '')",
                            "emailMessage/Importance": "Normal"
                          },
                          "host": {
                            "apiId": "/providers/Microsoft.PowerApps/apis/shared_office365",
                            "operationId": "SendEmailV2",
                            "connectionName": "shared_office365"
                          }
                        },
                        "runAfter": {
                          "User_Email_Template_HTML_1": [
                            "Succeeded"
                          ]
                        },
                        "metadata": {
                          "operationMetadataId": "afdc8b8a-caf0-45c8-addd-88d2c69f2446"
                        }
                      },
                      "User_Email_Template_HTML_1": {
                        "type": "Compose",
                        "inputs": "<!DOCTYPE html>\n<html>\n<head>\n  <meta charset=\"UTF-8\">\n  @{outputs('EmailCss')}\n</head>\n<body>\n  <div class=\"email-container\">\n    <div class=\"email-header\">\n      On-Boarding Request \n    </div>\n    <div class=\"email-body\">\n      <p>Hi @{items('Apply_to_each_1')?['FullName']} (HR Team),</p>\n        <p>@{outputs('Other_Email_Body_Text')}</p>\n      \n      <div class=\"ticket-info\">\n        <strong>Ticket ID:</strong> @{outputs('GetOnBoardingIteamById')?['body/RequestTicketNumber']} <br/>\n        <strong>User Name:</strong> @{trim(\r\n   concat(\r\n      outputs('GetOnBoardingIteamById')?['body/Name'], ' ',\r\n      coalesce(outputs('GetOnBoardingIteamById')?['body/MiddleName'], ''), ' ',\r\n      outputs('GetOnBoardingIteamById')?['body/LastName']\r\n   )\r\n)\r\n} <br/>\n        <strong>AXA Email:</strong>  @{if(empty(outputs('GetOnBoardingIteamById')?['body/AXAEmail']), '', outputs('GetOnBoardingIteamById')?['body/AXAEmail'])}<br/>\n        <strong>Department:</strong> @{outputs('GetOnBoardingIteamById')?['body/Department/Value']}<br/>\n        <strong>Onboarding Date:</strong> @{if(empty(outputs('GetOnBoardingIteamById')?['body/OnboardingDate']),\r\n   '',\r\n   formatDateTime(outputs('GetOnBoardingIteamById')?['body/OnboardingDate'], 'dd-MMM-yyyy')\r\n)\r\n}<br/>\n        <strong>Status:</strong> @{outputs('GetOnBoardingIteamById')?['body/Status/Value']}<br/>\n@{if(\r\n   equals(outputs('GetOnBoardingIteamById')?['body/Status/Value'], 'Need More Info'),\r\n   concat('<strong>Approver Remark :</strong> ', coalesce(outputs('GetOnBoardingIteamById')?['body/ApproverComment'], '')),\r\n   ''\r\n)\r\n}\n      </div>\n<div>\n\n</div>\n<div>\n@{if(\r\n    or(\r\n        equals(outputs('GetOnBoardingIteamById')?['body/Status/Value'], 'Submitted'),\r\n        equals(outputs('GetOnBoardingIteamById')?['body/Status/Value'], 'Need More Info')\r\n    ),\r\n    body('Create_HTML_table_Submit'),\r\n    body('Create_HTML_table_Approve')\r\n)\r\n}\n</div>\n\n      <p>@{if(\r\n    equals(\r\n        toLower(trim(outputs('GetOnBoardingIteamById')?['body/Status/Value'])),\r\n        'need more info'\r\n    ),\r\n    'The concerned member has been notified and will provide the required details. You will receive an update once the information is available.',\r\n    ''\r\n)\r\n}</p>\n\n      <p>Best regards,<br/>\n             AXA Team</p>\n    </div>\n    <div class=\"email-footer\">\n      This is an automated email. Please do not reply directly unless instructed.<br/><br/>\n      &copy; @{formatDateTime(utcNow(), 'yyyy')} AXA\n    </div>\n  </div>\n</body>\n</html>\n",
                        "metadata": {
                          "operationMetadataId": "a92bafa9-d139-4707-ad77-ba97c85516e3"
                        }
                      }
                    },
                    "runAfter": {
                      "Join_1": [
                        "Succeeded"
                      ]
                    },
                    "metadata": {
                      "operationMetadataId": "aab48754-5a10-430d-9177-4de5f9dee1d0"
                    }
                  }
                },
                "else": {
                  "actions": {}
                },
                "runAfter": {
                  "GetInternalHRTeamInfo": [
                    "Succeeded"
                  ]
                },
                "metadata": {
                  "operationMetadataId": "409c152c-2bb4-416c-accf-73749eb7d836"
                }
              }
            }
          },
          "runAfter": {
            "RequesterUserName": [
              "Succeeded"
            ]
          },
          "metadata": {
            "operationMetadataId": "4b67e2ea-13f8-4acc-abca-0650ce5e859f"
          }
        },
        "RequesterUserEmail": {
          "type": "Compose",
          "inputs": "@outputs('GetOnBoardingIteamById')?['body/Author/Email']",
          "runAfter": {
            "Create_HTML_table_Approve": [
              "Succeeded"
            ]
          },
          "metadata": {
            "operationMetadataId": "7237ddca-5173-4195-bc74-d0d173015777"
          }
        },
        "Get_Task_Items": {
          "type": "OpenApiConnection",
          "inputs": {
            "parameters": {
              "dataset": "https://ranosys.sharepoint.com/sites/AXA-ResourceRequestingSystem",
              "table": "eda19274-cbfc-43d3-88bb-60da7f48f0bf",
              "$filter": "RequestId eq @{outputs('GetOnBoardingIteamById')?['body/ID']}"
            },
            "host": {
              "apiId": "/providers/Microsoft.PowerApps/apis/shared_sharepointonline",
              "operationId": "GetItems",
              "connectionName": "shared_sharepointonline"
            }
          },
          "runAfter": {
            "EmailCss": [
              "Succeeded"
            ]
          },
          "metadata": {
            "operationMetadataId": "36a30141-d971-4153-ba8c-f88f0887954e"
          }
        },
        "Create_HTML_table_Submit": {
          "type": "Table",
          "inputs": {
            "from": "@outputs('Get_Task_Items')?['body/value']",
            "format": "HTML",
            "columns": [
              {
                "header": "Task Name",
                "value": "@item()?['TaskName']"
              },
              {
                "header": "Status",
                "value": "@item()?['Status/Value']"
              }
            ]
          },
          "runAfter": {
            "Get_Task_Items": [
              "Succeeded"
            ]
          },
          "metadata": {
            "operationMetadataId": "400bb795-e3c7-4c7e-a812-8f161f9ed6d6"
          }
        },
        "Create_HTML_table_Approve": {
          "type": "Table",
          "inputs": {
            "from": "@outputs('Get_Task_Items')?['body/value']",
            "format": "HTML",
            "columns": [
              {
                "header": "Task Name",
                "value": "@item()?['TaskName']"
              },
              {
                "header": "Status",
                "value": "@item()?['Status/Value']"
              },
              {
                "header": "Remark",
                "value": "@item()?['Remarks']"
              }
            ]
          },
          "runAfter": {
            "Create_HTML_table_Submit": [
              "Succeeded"
            ]
          },
          "metadata": {
            "operationMetadataId": "b2bb2adc-5230-4991-879d-48ecc8992942"
          }
        },
        "EmailCss": {
          "type": "Compose",
          "inputs": "@parameters('AXA_EmailCSS (new_AXA_NewCSS)')",
          "runAfter": {
            "Other_Email_Body_Text": [
              "Succeeded"
            ]
          },
          "metadata": {
            "operationMetadataId": "f9c7b15e-41d6-48b2-81c6-bbbc03a04b09"
          }
        },
        "Requester_Email_Body_Text": {
          "type": "Compose",
          "inputs": "@if(\r\n    equals(outputs('GetOnBoardingIteamById')?['body/Status/Value'], 'Submitted'),\r\n    'A new onboarding request has been submitted.',\r\n    if(\r\n        equals(outputs('GetOnBoardingIteamById')?['body/Status/Value'], 'Need More Info'),\r\n        concat(\r\n            'Your onboarding request (Request ID: ',\r\n            outputs('GetOnBoardingIteamById')?['body/RequestTicketNumber'],\r\n            ') requires additional information to proceed further. Please update the request at your earliest convenience to avoid delays in the onboarding process.'\r\n        ),\r\n        if(\r\n            equals(outputs('GetOnBoardingIteamById')?['body/Status/Value'], 'In Progress'),\r\n            concat(\r\n                'Your onboarding request (Request ID: ',\r\n                outputs('GetOnBoardingIteamById')?['body/RequestTicketNumber'],\r\n                ') has been accepted.'\r\n            ),\r\n            if(\r\n                equals(outputs('GetOnBoardingIteamById')?['body/Status/Value'], 'Closed-Approved'),\r\n                concat(\r\n                    'The status of your onboarding request (Request ID: ',\r\n                    outputs('GetOnBoardingIteamById')?['body/RequestTicketNumber'],\r\n                    ') has been updated (Approved).'\r\n                ),\r\n                if(\r\n                    equals(outputs('GetOnBoardingIteamById')?['body/Status/Value'], 'Closed-Rejected'),\r\n                    concat(\r\n                        'The status of your onboarding request (Request ID: ',\r\n                        outputs('GetOnBoardingIteamById')?['body/RequestTicketNumber'],\r\n                        ') has been updated (Rejected).'\r\n                    ),\r\n                    ''\r\n                )\r\n            )\r\n        )\r\n    )\r\n)",
          "runAfter": {
            "Other_Email_Subject": [
              "Succeeded"
            ]
          },
          "metadata": {
            "operationMetadataId": "2d9fd99a-7872-4955-ae03-8912c08e2685"
          }
        },
        "statusValueCompose": {
          "type": "Compose",
          "inputs": "@outputs('GetOnBoardingIteamById')?['body/Status']?['Id']",
          "runAfter": {
            "GetOnBoardingIteamById": [
              "Succeeded"
            ]
          },
          "metadata": {
            "operationMetadataId": "859e5c3d-8766-4a70-9ba5-358733ba402b"
          }
        },
        "Other_Email_Body_Text": {
          "type": "Compose",
          "inputs": "@if(\r\n    equals(outputs('GetOnBoardingIteamById')?['body/Status/Value'], 'Submitted'),\r\n    'A new onboarding request has been submitted and requires your attention.',\r\n    if(\r\n        equals(outputs('GetOnBoardingIteamById')?['body/Status/Value'], 'Need More Info'),\r\n        concat(\r\n            'Your request for additional information regarding the onboarding request (Request ID: ',\r\n            outputs('GetOnBoardingIteamById')?['body/RequestTicketNumber'],\r\n            ') has been submitted successfully.'\r\n        ),\r\n        if(\r\n            equals(outputs('GetOnBoardingIteamById')?['body/Status/Value'], 'In Progress'),\r\n            concat(\r\n                'Thank you! Your acceptance for the onboarding request (Request ID: ',\r\n                outputs('GetOnBoardingIteamById')?['body/RequestTicketNumber'],\r\n                ') has been successfully recorded.'\r\n            ),\r\n            if(\r\n                equals(outputs('GetOnBoardingIteamById')?['body/Status/Value'], 'Closed-Approved'),\r\n                concat(\r\n                    'Your update to the onboarding request (Request ID: ',\r\n                    outputs('GetOnBoardingIteamById')?['body/RequestTicketNumber'],\r\n                    ') has been successfully recorded (Approved).'\r\n                ),\r\n                if(\r\n                    equals(outputs('GetOnBoardingIteamById')?['body/Status/Value'], 'Closed-Rejected'),\r\n                    concat(\r\n                        'The status of your onboarding request (Request ID: ',\r\n                        outputs('GetOnBoardingIteamById')?['body/RequestTicketNumber'],\r\n                        ') has been updated (Rejected).'\r\n                    ),\r\n                    ''\r\n                )\r\n            )\r\n        )\r\n    )\r\n)",
          "runAfter": {
            "Requester_Email_Body_Text": [
              "Succeeded"
            ]
          },
          "metadata": {
            "operationMetadataId": "2d9fd99a-7872-4955-ae03-8912c08e2685"
          }
        },
        "GetOnBoardingIteamById": {
          "type": "OpenApiConnection",
          "inputs": {
            "parameters": {
              "dataset": "https://ranosys.sharepoint.com/sites/AXA-ResourceRequestingSystem",
              "table": "c62220e2-0199-4590-a2b1-53126c81b8c4",
              "id": "@triggerBody()?['ID']"
            },
            "host": {
              "apiId": "/providers/Microsoft.PowerApps/apis/shared_sharepointonline",
              "operationId": "GetItem",
              "connectionName": "shared_sharepointonline"
            }
          },
          "runAfter": {
            "Condition_3": [
              "Succeeded"
            ]
          },
          "metadata": {
            "operationMetadataId": "79c4afe1-2e88-43c7-b663-d0169ae9a021"
          }
        },
        "Requester_Email_Subject": {
          "type": "Compose",
          "inputs": "@if(\r\n    equals(outputs('GetOnBoardingIteamById')?['body/Status/Value'], 'Submitted'),\r\n    'New Onboarding Request Submitted',\r\n    if(\r\n        equals(outputs('GetOnBoardingIteamById')?['body/Status/Value'], 'Need More Info'),\r\n        concat(\r\n            'Onboarding Request (Request ID: ',\r\n            outputs('GetOnBoardingIteamById')?['body/RequestTicketNumber'],\r\n            ') Need More Information'\r\n        ),\r\n        if(\r\n            equals(outputs('GetOnBoardingIteamById')?['body/Status/Value'], 'In Progress'),\r\n            concat(\r\n                'Onboarding Request In Progress (Request ID: ',\r\n                outputs('GetOnBoardingIteamById')?['body/RequestTicketNumber'],\r\n                ')'\r\n            ),\r\n            if(\r\n                equals(outputs('GetOnBoardingIteamById')?['body/Status/Value'], 'Closed-Approved'),\r\n                concat(\r\n                    'Onboarding Request Closed-Approved (Request ID: ',\r\n                    outputs('GetOnBoardingIteamById')?['body/RequestTicketNumber'],\r\n                    ')'\r\n                ),\r\n                if(\r\n                    equals(outputs('GetOnBoardingIteamById')?['body/Status/Value'], 'Closed-Rejected'),\r\n                    concat(\r\n                        'Onboarding Request Closed-Rejected (Request ID: ',\r\n                        outputs('GetOnBoardingIteamById')?['body/RequestTicketNumber'],\r\n                        ')'\r\n                    ),\r\n                    ''\r\n                )\r\n            )\r\n        )\r\n    )\r\n)",
          "runAfter": {
            "statusValueCompose": [
              "Succeeded"
            ]
          },
          "metadata": {
            "operationMetadataId": "2d9fd99a-7872-4955-ae03-8912c08e2685"
          }
        },
        "Other_Email_Subject": {
          "type": "Compose",
          "inputs": "@if(\r\n    equals(outputs('GetOnBoardingIteamById')?['body/Status/Value'], 'Submitted'),\r\n    'New Onboarding Request Submitted',\r\n    if(\r\n        equals(outputs('GetOnBoardingIteamById')?['body/Status/Value'], 'Need More Info'),\r\n        concat(\r\n            'Onboarding Request (Request ID: ',\r\n            outputs('GetOnBoardingIteamById')?['body/RequestTicketNumber'],\r\n            ') - Need More Information'\r\n        ),\r\n        if(\r\n            equals(outputs('GetOnBoardingIteamById')?['body/Status/Value'], 'In Progress'),\r\n            concat(\r\n                'Confirmation – You Accepted Onboarding Request (Request ID: ',\r\n                outputs('GetOnBoardingIteamById')?['body/RequestTicketNumber'],\r\n                ')'\r\n            ),\r\n            if(\r\n                equals(outputs('GetOnBoardingIteamById')?['body/Status/Value'], 'Closed-Approved'),\r\n                concat(\r\n                    'Confirmation – You Updated Status for Request (Request ID: ',\r\n                    outputs('GetOnBoardingIteamById')?['body/RequestTicketNumber'],\r\n                    ')'\r\n                ),\r\n                if(\r\n                    equals(outputs('GetOnBoardingIteamById')?['body/Status/Value'], 'Closed-Rejected'),\r\n                    concat(\r\n                        'Confirmation – You Updated Status for Request (Request ID: ',\r\n                        outputs('GetOnBoardingIteamById')?['body/RequestTicketNumber'],\r\n                        ')'\r\n                    ),\r\n                    ''\r\n                )\r\n            )\r\n        )\r\n    )\r\n)",
          "runAfter": {
            "Requester_Email_Subject": [
              "Succeeded"
            ]
          },
          "metadata": {
            "operationMetadataId": "2d9fd99a-7872-4955-ae03-8912c08e2685"
          }
        },
        "Post_message_in_a_chat_or_channel_3": {
          "type": "OpenApiConnection",
          "inputs": {
            "parameters": {
              "poster": "Flow bot",
              "location": "Chat with Flow bot",
              "body/recipient": "@outputs('GetOnBoardingIteamById')?['body/Author/Email']",
              "body/messageBody": "<p class=\"editor-paragraph\">Hi @{outputs('GetOnBoardingIteamById')?['body/Author/DisplayName']},<br><br>@{if(\r\n   equals(toLower(trim(outputs('GetOnBoardingIteamById')?['body/Status/Value'])), 'submitted'),\r\n   'New Request has been submitted.',\r\n   'OnBoarding Request has been updated successfully.'\r\n)}<br><br>Ticket ID: @{outputs('GetOnBoardingIteamById')?['body/RequestTicketNumber']}<br>User Name: @{trim(\n   concat(\n      outputs('GetOnBoardingIteamById')?['body/Name'], ' ',\n      coalesce(outputs('GetOnBoardingIteamById')?['body/MiddleName'], ''), ' ',\n      outputs('GetOnBoardingIteamById')?['body/LastName']\n   )\n)\n}<br>AXA Email:   @{if(empty(outputs('GetOnBoardingIteamById')?['body/AXAEmail']), '', outputs('GetOnBoardingIteamById')?['body/AXAEmail'])}<br>Department: @{outputs('GetOnBoardingIteamById')?['body/Department/Value']}<br>Onboarding Date: @{if(empty(outputs('GetOnBoardingIteamById')?['body/OnboardingDate']),\r\n   '',\r\n   formatDateTime(outputs('GetOnBoardingIteamById')?['body/OnboardingDate'], 'dd-MMM-yyyy')\r\n)}<br>Status: @{outputs('GetOnBoardingIteamById')?['body/Status/Value']}<br>@{\r\nif(\r\n   equals(outputs('GetOnBoardingIteamById')?['body/Status/Value'], 'Need More Info'),\r\n   concat('Approver Remark : ', coalesce(outputs('GetOnBoardingIteamById')?['body/ApproverComment'], '')),\r\n   ''\r\n)\r\n\r\n\r\n}</p><br>"
            },
            "host": {
              "apiId": "/providers/Microsoft.PowerApps/apis/shared_teams",
              "operationId": "PostMessageToConversation",
              "connectionName": "shared_teams"
            }
          },
          "runAfter": {
            "Send_an_email_(V2)_2": [
              "Succeeded"
            ]
          },
          "metadata": {
            "operationMetadataId": "af70e72d-3405-4312-a05a-db4e36472fea"
          }
        },
        "Send_an_email_(V2)_2": {
          "type": "OpenApiConnection",
          "inputs": {
            "parameters": {
              "emailMessage/To": "@outputs('RequesterUserEmail')",
              "emailMessage/Subject": "@outputs('Requester_Email_Subject')",
              "emailMessage/Body": "<p class=\"editor-paragraph\">@{outputs('Requester_Email_Template')}</p>",
              "emailMessage/Cc": "@coalesce(parameters('AXA_Email (new_AXA_Email)'), '')",
              "emailMessage/Importance": "Normal"
            },
            "host": {
              "apiId": "/providers/Microsoft.PowerApps/apis/shared_office365",
              "operationId": "SendEmailV2",
              "connectionName": "shared_office365"
            }
          },
          "runAfter": {
            "Requester_Email_Template": [
              "Succeeded"
            ]
          },
          "metadata": {
            "operationMetadataId": "8d3bef78-fc53-4372-a41e-33a138e73ff9"
          }
        },
        "Requester_Email_Template": {
          "type": "Compose",
          "inputs": "<!DOCTYPE html>\n<html>\n<head>\n  <meta charset=\"UTF-8\">\n  @{outputs('EmailCss')}\n</head>\n<body>\n  <div class=\"email-container\">\n    <div class=\"email-header\">\n      On-Boarding Request @{outputs('GetOnBoardingIteamById')?['body/RequestTicketNumber']}\n    </div>\n    <div class=\"email-body\">\n      <p>Hi @{outputs('RequesterUserName')},</p>\n      <p>@{outputs('Requester_Email_Body_Text')}</p>\n      \n      <div class=\"ticket-info\">\n        <strong>Ticket ID:</strong> @{outputs('GetOnBoardingIteamById')?['body/RequestTicketNumber']} <br/>\n        <strong>User Name:</strong> @{trim(\n   concat(\n      outputs('GetOnBoardingIteamById')?['body/Name'], ' ',\n      coalesce(outputs('GetOnBoardingIteamById')?['body/MiddleName'], ''), ' ',\n      outputs('GetOnBoardingIteamById')?['body/LastName']\n   )\n)\n} <br/>\n        <strong>AXA Email:</strong>  @{if(empty(outputs('GetOnBoardingIteamById')?['body/AXAEmail']), '', outputs('GetOnBoardingIteamById')?['body/AXAEmail'])}<br/>\n        <strong>Department:</strong> @{outputs('GetOnBoardingIteamById')?['body/Department/Value']}<br/>\n        <strong>Onboarding Date:</strong> @{if(empty(outputs('GetOnBoardingIteamById')?['body/OnboardingDate']),\r\n   '',\r\n   formatDateTime(outputs('GetOnBoardingIteamById')?['body/OnboardingDate'], 'dd-MMM-yyyy')\r\n)\r\n}<br/>\n        <strong>Status:</strong> @{outputs('GetOnBoardingIteamById')?['body/Status/Value']}<br/>\n@{if(\r\n   equals(outputs('GetOnBoardingIteamById')?['body/Status/Value'], 'Need More Info'),\r\n   concat('<strong>Approver Remark :</strong> ', coalesce(outputs('GetOnBoardingIteamById')?['body/ApproverComment'], '')),\r\n   ''\r\n)\r\n}\n      </div>\n<div>\n\n</div>\n<div>\n@{if(\r\n    or(\r\n        equals(outputs('GetOnBoardingIteamById')?['body/Status/Value'], 'Submitted'),\r\n        equals(outputs('GetOnBoardingIteamById')?['body/Status/Value'], 'Need More Info')\r\n    ),\r\n    body('Create_HTML_table_Submit'),\r\n    body('Create_HTML_table_Approve')\r\n)\r\n}\n</div>\n\n   \n\n      <p>Best regards,<br/>\n      <strong>AXA Team</strong></p>\n    </div>\n    <div class=\"email-footer\">\n      This is an automated email. Please do not reply directly unless instructed.<br/><br/>\n      &copy; @{formatDateTime(utcNow(), 'yyyy')} AXA\n    </div>\n  </div>\n</body>\n</html>\n",
          "runAfter": {
            "Condition": [
              "Succeeded"
            ]
          },
          "metadata": {
            "operationMetadataId": "ae372733-a952-497f-8d9a-a806f8da9da3"
          }
        },
        "RequesterUserName": {
          "type": "Compose",
          "inputs": "@outputs('GetOnBoardingIteamById')?['body/Author/DisplayName']",
          "runAfter": {
            "RequesterUserEmail": [
              "Succeeded"
            ]
          },
          "metadata": {
            "operationMetadataId": "7237ddca-5173-4195-bc74-d0d173015777"
          }
        },
        "Get_changes_for_an_item_or_a_file_(properties_only)": {
          "type": "OpenApiConnection",
          "inputs": {
            "parameters": {
              "dataset": "https://ranosys.sharepoint.com/sites/AXA-ResourceRequestingSystem",
              "table": "c62220e2-0199-4590-a2b1-53126c81b8c4",
              "id": "@triggerBody()?['ID']",
              "since": "@triggerBody()?['{TriggerWindowStartToken}']",
              "includeDrafts": false
            },
            "host": {
              "apiId": "/providers/Microsoft.PowerApps/apis/shared_sharepointonline",
              "operationId": "GetItemChanges",
              "connectionName": "shared_sharepointonline"
            }
          },
          "runAfter": {},
          "metadata": {
            "operationMetadataId": "7386745a-6fd6-46b4-b20c-de53388b3691"
          }
        },
        "Condition_3": {
          "type": "If",
          "expression": {
            "and": [
              {
                "equals": [
                  "@outputs('Get_changes_for_an_item_or_a_file_(properties_only)')?['body/ColumnHasChanged/Status']",
                  true
                ]
              }
            ]
          },
          "actions": {},
          "else": {
            "actions": {
              "Condition_4": {
                "type": "If",
                "expression": {
                  "and": [
                    {
                      "equals": [
                        "@triggerBody()?['Status/Value']",
                        "@string('Submitted')"
                      ]
                    }
                  ]
                },
                "actions": {},
                "else": {
                  "actions": {
                    "Terminate": {
                      "type": "Terminate",
                      "inputs": {
                        "runStatus": "Succeeded"
                      },
                      "metadata": {
                        "operationMetadataId": "7419906d-664a-46da-8209-1bcb4d6cf973"
                      }
                    }
                  }
                },
                "metadata": {
                  "operationMetadataId": "ccd148cb-2e96-4e6a-8527-0923868fbd8f"
                }
              }
            }
          },
          "runAfter": {
            "Condition_5": [
              "Succeeded"
            ]
          },
          "metadata": {
            "operationMetadataId": "06218f12-39cb-4a4e-9813-c7a2d13bfa79"
          }
        },
        "Send_an_HTTP_request_to_SharePoint": {
          "type": "OpenApiConnection",
          "inputs": {
            "parameters": {
              "dataset": "@parameters('SP_SiteURL (new_SP_SiteURL)')",
              "parameters/method": "GET",
              "parameters/uri": "_api/web/lists/GetByTitle('AXA-OnBoardingRequest')/items(@{triggerOutputs()?['body/ID']})/versions?$orderby=Modified asc"
            },
            "host": {
              "apiId": "/providers/Microsoft.PowerApps/apis/shared_sharepointonline",
              "operationId": "HttpRequest",
              "connectionName": "shared_sharepointonline"
            }
          },
          "runAfter": {
            "Get_changes_for_an_item_or_a_file_(properties_only)": [
              "Succeeded"
            ]
          }
        },
        "Parse_JSON": {
          "type": "ParseJson",
          "inputs": {
            "content": "@body('Send_an_HTTP_request_to_SharePoint')",
            "schema": {
              "type": "object",
              "properties": {
                "value": {
                  "type": "array",
                  "items": {
                    "type": "object",
                    "properties": {
                      "VersionLabel": {
                        "type": "string"
                      },
                      "FieldValues": {
                        "type": "object"
                      }
                    }
                  }
                }
              }
            }
          },
          "runAfter": {
            "Send_an_HTTP_request_to_SharePoint": [
              "Succeeded"
            ]
          }
        },
        "Compose_Previous_Version": {
          "type": "Compose",
          "inputs": "@if(\r\n   lessOrEquals(length(body('Send_an_HTTP_request_to_SharePoint')?['d']?['results']),1),\r\n   'NoPreviousVersion',\r\n   last(\r\n      take(\r\n         body('Send_an_HTTP_request_to_SharePoint')?['d']?['results'],\r\n         sub(length(body('Send_an_HTTP_request_to_SharePoint')?['d']?['results']),1)\r\n      )\r\n   )?['Status']\r\n)",
          "runAfter": {
            "Parse_JSON": [
              "Succeeded"
            ]
          }
        },
        "Condition_5": {
          "type": "If",
          "expression": {
            "and": [
              {
                "equals": [
                  "@outputs('Compose_Previous_Version')",
                  "@string('In Progress')"
                ]
              }
            ]
          },
          "actions": {
            "Terminate_1": {
              "type": "Terminate",
              "inputs": {
                "runStatus": "Succeeded"
              },
              "runAfter": {
                "Run_a_Child_Flow": [
                  "Succeeded"
                ]
              }
            },
            "Run_a_Child_Flow": {
              "type": "Workflow",
              "inputs": {
                "host": {
                  "workflowReferenceName": "e523eeae-f581-f011-b4cc-002248568f42"
                },
                "body": {
                  "number": "@triggerBody()?['ID']"
                }
              }
            }
          },
          "else": {
            "actions": {}
          },
          "runAfter": {
            "Compose_Previous_Version": [
              "Succeeded"
            ]
          }
        }
      }
    },
    "templateName": null
  },
  "schemaVersion": "1.0.0.0"
}