{
  "properties": {
    "connectionReferences": {
      "shared_sharepointonline": {
        "api": {
          "name": "shared_sharepointonline"
        },
        "connection": {
          "connectionReferenceLogicalName": "new_sharedsharepointonline_f0b2a"
        },
        "runtimeSource": "embedded"
      },
      "shared_office365": {
        "api": {
          "name": "shared_office365"
        },
        "connection": {
          "connectionReferenceLogicalName": "new_sharedoffice365_17067"
        },
        "runtimeSource": "embedded"
      },
      "shared_teams": {
        "api": {
          "name": "shared_teams"
        },
        "connection": {
          "connectionReferenceLogicalName": "new_sharedteams_181e8"
        },
        "runtimeSource": "embedded"
      }
    },
    "definition": {
      "$schema": "https://schema.management.azure.com/providers/Microsoft.Logic/schemas/2016-06-01/workflowdefinition.json#",
      "contentVersion": "1.0.0.0",
      "parameters": {
        "$authentication": {
          "defaultValue": {},
          "type": "SecureObject"
        },
        "$connections": {
          "defaultValue": {},
          "type": "Object"
        },
        "SP_SiteURL (new_SP_SiteURL)": {
          "defaultValue": "https://ranosys.sharepoint.com/sites/AXA-ResourceRequestingSystem",
          "type": "String",
          "metadata": {
            "schemaName": "new_SP_SiteURL",
            "description": "Share Point Env Site URL"
          }
        },
        "AXA_EmailCSS (new_AXA_NewCSS)": {
          "defaultValue": "<style>body{font-family:\"Segoe UI\",Roboto,Arial,sans-serif;background-color:#f4f6f8;margin:0;padding:0;color:#333}.email-container{width:100%;max-width:700px;margin:auto;background:#fff;border:1px solid #e0e0e0;border-radius:10px;overflow:hidden;box-shadow:0 4px 10px rgb(0 0 0 / .05)}.email-header{background-color:#004aad;color:#fff;padding:18px 24px;font-size:22px;font-weight:600;letter-spacing:.3px}.email-body{padding:24px;font-size:15px;line-height:1.6}.ticket-info{background:#fafafa;border:1px solid #e0e0e0;padding:15px;margin:20px 0;font-size:14px;border-radius:6px}.email-footer{background-color:#f9fafb;font-size:12px;color:#777;padding:16px 20px;text-align:center;border-top:1px solid #e0e0e0}.email-body table{width:100%;border-collapse:collapse;margin:20px 0;font-size:14px;table-layout:auto}.email-body th,.email-body td{border:1px solid #e0e0e0;padding:12px;text-align:left;word-wrap:break-word}.email-body th{background-color:#004aad;color:#fff;font-weight:600;font-size:14px}.email-body tr:nth-child(even){background-color:#f9f9f9}.email-body tr:hover{background-color:#f1f5ff}</style>",
          "type": "String",
          "metadata": {
            "schemaName": "new_AXA_NewCSS"
          }
        },
        "AXA_Email (new_AXA_Email)": {
          "defaultValue": "yogesh.asopa@ranosys.com",
          "type": "String",
          "metadata": {
            "schemaName": "new_AXA_Email",
            "description": "this value set for which users send email for client required"
          }
        }
      },
      "triggers": {
        "Recurrence": {
          "type": "Recurrence",
          "recurrence": {
            "frequency": "Day",
            "interval": 1,
            "startTime": "2025-08-18T06:30:00Z",
            "timeZone": "Singapore Standard Time",
            "schedule": {
              "minutes": [
                0
              ],
              "hours": [
                "6"
              ]
            }
          },
          "conditions": [],
          "metadata": {
            "operationMetadataId": "5d9931c1-e318-43fa-828f-b86d82feef11"
          }
        }
      },
      "actions": {
        "GetOnBoardingRequest": {
          "type": "OpenApiConnection",
          "inputs": {
            "parameters": {
              "dataset": "@parameters('SP_SiteURL (new_SP_SiteURL)')",
              "table": "c62220e2-0199-4590-a2b1-53126c81b8c4",
              "$filter": "Status eq 'In Progress' and ResourceType eq 'External'"
            },
            "host": {
              "apiId": "/providers/Microsoft.PowerApps/apis/shared_sharepointonline",
              "operationId": "GetItems",
              "connectionName": "shared_sharepointonline"
            }
          },
          "runAfter": {
            "Compose_CSS": [
              "Succeeded"
            ]
          },
          "metadata": {
            "operationMetadataId": "a5c2d965-d856-44bf-acaf-fe1f4aca3a65"
          }
        },
        "Condition_2": {
          "type": "If",
          "expression": {
            "and": [
              {
                "equals": [
                  "@length(outputs('GetOnBoardingRequest')?['body/value'])",
                  0
                ]
              }
            ]
          },
          "actions": {},
          "else": {
            "actions": {
              "Apply_to_each": {
                "type": "Foreach",
                "foreach": "@outputs('GetOnBoardingRequest')?['body/value']",
                "actions": {
                  "RemainingDays": {
                    "type": "Compose",
                    "inputs": "@if(\r\n  empty(items('Apply_to_each')?['OnboardingDate']),\r\n  0,\r\n  sub(\r\n    int(formatDateTime(items('Apply_to_each')?['OnboardingDate'], 'yyyyMMdd')),\r\n    int(formatDateTime(utcNow(), 'yyyyMMdd'))\r\n  )\r\n)\r\n",
                    "metadata": {
                      "operationMetadataId": "91f8537f-9e83-49ea-b1f7-f6b650981d7b"
                    }
                  },
                  "Condition": {
                    "type": "If",
                    "expression": {
                      "or": [
                        {
                          "equals": [
                            "@outputs('RemainingDays')",
                            7
                          ]
                        },
                        {
                          "equals": [
                            "@outputs('RemainingDays')",
                            2
                          ]
                        },
                        {
                          "equals": [
                            "@outputs('RemainingDays')",
                            1
                          ]
                        }
                      ]
                    },
                    "actions": {
                      "Get_HRTeamList": {
                        "type": "OpenApiConnection",
                        "inputs": {
                          "parameters": {
                            "dataset": "@parameters('SP_SiteURL (new_SP_SiteURL)')",
                            "table": "e4de9473-798e-4dff-aaf6-fa251f7c60e3",
                            "$filter": "Role/Title eq 'ETS Team'"
                          },
                          "host": {
                            "apiId": "/providers/Microsoft.PowerApps/apis/shared_sharepointonline",
                            "operationId": "GetItems",
                            "connectionName": "shared_sharepointonline"
                          }
                        }
                      },
                      "Condition_1": {
                        "type": "If",
                        "expression": {
                          "and": [
                            {
                              "equals": [
                                "@length(outputs('Get_HRTeamList')?['body/value'])",
                                0
                              ]
                            }
                          ]
                        },
                        "actions": {},
                        "else": {
                          "actions": {
                            "Apply_to_each_1": {
                              "type": "Foreach",
                              "foreach": "@outputs('Get_HRTeamList')?['body/value']",
                              "actions": {
                                "Send_an_email_(V2)": {
                                  "type": "OpenApiConnection",
                                  "inputs": {
                                    "parameters": {
                                      "emailMessage/To": "@item()?['Email']",
                                      "emailMessage/Subject": "[SLA Reminder] On Boarding Request @{items('Apply_to_each')?['RequestTicketNumber']} is due in @{outputs('RemainingDays')} day(s).\n",
                                      "emailMessage/Body": "<p class=\"editor-paragraph\">@{outputs('Compose')}</p>",
                                      "emailMessage/Cc": "@coalesce(parameters('AXA_Email (new_AXA_Email)'), '')",
                                      "emailMessage/Importance": "Normal"
                                    },
                                    "host": {
                                      "apiId": "/providers/Microsoft.PowerApps/apis/shared_office365",
                                      "operationId": "SendEmailV2",
                                      "connectionName": "shared_office365"
                                    }
                                  },
                                  "runAfter": {
                                    "Compose": [
                                      "Succeeded",
                                      "TimedOut",
                                      "Skipped",
                                      "Failed"
                                    ]
                                  }
                                },
                                "Post_message_in_a_chat_or_channel": {
                                  "type": "OpenApiConnection",
                                  "inputs": {
                                    "parameters": {
                                      "poster": "Flow bot",
                                      "location": "Chat with Flow bot",
                                      "body/recipient": "@items('Apply_to_each_1')?['Email']",
                                      "body/messageBody": "<p class=\"editor-paragraph\">Hi @{items('Apply_to_each_1')?['fullname']},</p><br><p class=\"editor-paragraph\">[SLA Reminder] On Boarding Request @{items('Apply_to_each')?['RequestTicketNumber']}is due in @{outputs('RemainingDays')} day(s).</p><br><p class=\"editor-paragraph\"><br>Ticket ID: @{items('Apply_to_each')?['RequestTicketNumber']}<br>User Name: @{concat(items('Apply_to_each')?['Name'], ' ', items('Apply_to_each')?['LastName'])}<br>AXA Email: @{items('Apply_to_each')?['AXAEmail']}<br>AXA Manager: @{items('Apply_to_each')?['AXAManager']}<br>Department: @{items('Apply_to_each')?['Department/Value']}<br>Status: @{items('Apply_to_each')?['Status/Value']}<br>Onboarding Date: @{items('Apply_to_each')?['OnboardingDate']}</p><br><p class=\"editor-paragraph\">Thank You<br>AXA Team</p>"
                                    },
                                    "host": {
                                      "apiId": "/providers/Microsoft.PowerApps/apis/shared_teams",
                                      "operationId": "PostMessageToConversation",
                                      "connectionName": "shared_teams"
                                    }
                                  },
                                  "runAfter": {
                                    "Send_an_email_(V2)": [
                                      "Succeeded"
                                    ]
                                  }
                                },
                                "Compose": {
                                  "type": "Compose",
                                  "inputs": "<!DOCTYPE html>\n<html>\n<head>\n<meta charset=\"UTF-8\">\n@{outputs('Compose_CSS')}\n</head>\n<body>\n<div class=\"email-container\">\n<div class=\"email-header\">\n[SLA Reminder] On Boarding Request @{items('Apply_to_each')?['RequestTicketNumber']} is due in @{outputs('RemainingDays')} day(s).\n</div>\n<div class=\"email-body\">\n<p>Hi @{items('Apply_to_each_1')?['FullName']},</p>\n<p>[SLA Reminder] On Boarding Request @{items('Apply_to_each')?['RequestTicketNumber']} is due in @{outputs('RemainingDays')} day(s).</p>\n\n<div class=\"ticket-info\">\n<strong>Ticket ID: </strong> @{items('Apply_to_each')?['RequestTicketNumber']}<br/>\n<strong>User Name:</strong> @{concat(items('Apply_to_each')?['Name'], ' ', items('Apply_to_each')?['LastName'])\r\n} <br/>\n<strong>AXA Email:</strong> @{items('Apply_to_each')?['AXAEmail']} <br/>\n<strong>AXA Manager:</strong> @{items('Apply_to_each')?['AXAManager']} <br/>\n<strong>Department:</strong> @{items('Apply_to_each')?['Department/Value']} <br/>\n<strong>Status:</strong> @{items('Apply_to_each')?['Status/Value']}<br/>\n<strong>Onboarding Date:</strong> @{items('Apply_to_each')?['OnboardingDate']}<br/>\n</div>\n\n<br/>\n<div>\n<p>Best regards,<br/>\n<strong>AXA Team</strong></p>\n</div>\n<div class=\"email-footer\">\nThis is an automated email. Please do not reply directly unless instructed.<br/><br/>\n&copy; @{formatDateTime(utcNow(), 'yyyy')} AXA\n</div>\n</div>\n</body>\n</html>\n\n"
                                }
                              }
                            }
                          }
                        },
                        "runAfter": {
                          "Get_HRTeamList": [
                            "Succeeded"
                          ]
                        }
                      }
                    },
                    "else": {
                      "actions": {}
                    },
                    "runAfter": {
                      "RemainingDays": [
                        "Succeeded"
                      ]
                    }
                  }
                },
                "metadata": {
                  "operationMetadataId": "09c84647-4fab-46a5-9498-c173e230864d"
                }
              }
            }
          },
          "runAfter": {
            "GetOnBoardingRequest": [
              "Succeeded"
            ]
          }
        },
        "Compose_CSS": {
          "type": "Compose",
          "inputs": "@parameters('AXA_EmailCSS (new_AXA_NewCSS)')",
          "runAfter": {}
        }
      }
    },
    "templateName": null
  },
  "schemaVersion": "1.0.0.0"
}