{"schemaVersion":"1.0","appDefinitionTemplate":{"id":"/providers/Microsoft.PowerApps/apps/","type":"Microsoft.PowerApps/apps","tags":{"primaryDeviceWidth":"1366","primaryDeviceHeight":"768","supportsPortrait":"true","supportsLandscape":"true","primaryFormFactor":"Tablet","showStatusBar":"false","publisherVersion":"3.25082.8","minimumRequiredApiVersion":"2.2.0","hasComponent":"true","hasUnlockedComponent":"true","isUnifiedRootApp":"false","sienaVersion":"20250826T123847Z-3.25082.8.0","coauthoringEnabled":"false","multipleWritersEnabled":"false","acceptedCoauthoringTerms":"false"},"properties":{"appVersion":"2025-08-26T12:38:47Z","lifeCycleId":"Published","createdByClientVersion":{"major":3,"minor":25082,"build":8,"revision":0,"majorRevision":0,"minorRevision":0},"minClientVersion":{"major":3,"minor":25082,"build":8,"revision":0,"majorRevision":0,"minorRevision":0},"backgroundColor":"RGBA(0,176,240,1)","backgroundImageUri":"/638172085100120689/Nece175a7-75c7-4b2f-9985-92e5c57aa993-logoSmallFile","displayName":"AXA-Resource and Request System","description":"Publish the app","commitMessage":"","appUris":{"documentUri":{"value":"/638172085100120689/N72fbf034-92e9-41aa-b95e-f10ffeff2014-document.msapp"},"imageUris":[],"additionalUris":[{"isSolutionAware":false,"value":"/638172085100120689/N8c0da799-0113-4023-aeb8-8c9f67b67839-identity.json"}]},"createdTime":"0001-01-01T00:00:00Z","lastModifiedTime":"0001-01-01T00:00:00Z","sharedGroupsCount":0,"sharedUsersCount":0,"connectionReferences":{"f3ad1274-01f2-484f-8fe2-dfc9299abac7":{"id":"b749930f-2dd3-49b7-bdc7-c051817ffd2c","displayName":"SharePoint","iconUri":"https://conn-afd-prod-endpoint-bmc9bqahasf3grgk.b01.azurefd.net/v1.0.1762/1.0.1762.4298/sharepointonline/icon.png","dataSources":["AXA-OnBoardingRequest","AXA-Employee","AXA-OffBoardingRequest","AXA-RequestTask","AXA-OnBoardingRequestWithTask","AXA-OffboardRequestTask","AXA-OffBoardingRequestWithTask"],"dependencies":[],"dependents":[],"parameterHints":{},"parameterHintsV2":{},"isOnPremiseConnection":false,"bypassConsent":false,"dataSets":{"https://ranosys.sharepoint.com/sites/AXA-ResourceRequestingSystem":{"dataSources":{"AXA-OnBoardingRequest":{"tableName":"c62220e2-0199-4590-a2b1-53126c81b8c4"},"AXA-Employee":{"tableName":"e4de9473-798e-4dff-aaf6-fa251f7c60e3"},"AXA-OffBoardingRequest":{"tableName":"028dc967-f115-4995-b731-7132f49a4a39"},"AXA-RequestTask":{"tableName":"150defde-f9e3-4155-9b48-f976b2b572f1"},"AXA-OnBoardingRequestWithTask":{"tableName":"eda19274-cbfc-43d3-88bb-60da7f48f0bf"},"AXA-OffboardRequestTask":{"tableName":"8dd8c458-8865-4dcb-9069-c6db5de0cab5"},"AXA-OffBoardingRequestWithTask":{"tableName":"26d53b4b-8ad6-44dc-b22a-a614f9cdcf1c"}}}},"apiTier":"Standard","isCustomApiConnection":false,"actions":["providers/PowerPlatform.Governance/Operations/Read","providers/PowerPlatform.Governance/Operations/Write","providers/PowerPlatform.Governance/Operations/Delete"]}},"databaseReferences":{},"almMode":"Solution","performanceOptimizationEnabled":true,"canConsumeAppPass":true,"enableModernRuntimeMode":false,"executionRestrictions":{"isTeamsOnly":false,"dataLossPreventionEvaluationResult":{"status":"Compliant","lastEvaluationDate":"2025-08-26T04:56:24.9183713Z","violations":[],"violationsByPolicy":[],"violationErrorMessage":"The app uses the following connectors: shared_sharepointonline, shared_logicflows."},"httpActionRestriction":{"appUsesSharepointHttpAction":false,"enforcementStrategy":"Legacy","evaluationTime":"2025-08-26T04:56:24.9182298Z"}}},"isAppComponentLibrary":false,"appType":"ClassicCanvasApp","appComponents":[]}}