<ImportExportXml version="9.2.25081.206" SolutionPackageVersion="9.2" languagecode="1033" generatedBy="CrmLive" xmlns:xsi="http://www.w3.org/2001/XMLSchema-instance" OrganizationVersion="9.2.25081.206" OrganizationSchemaType="Standard" CRMServerServiceabilityVersion="9.2.25081.00206">
  <SolutionManifest>
    <UniqueName>AXAAutomate_Flow</UniqueName>
    <LocalizedNames>
      <LocalizedName description="AXA-Automate_Flow" languagecode="1033" />
    </LocalizedNames>
    <Descriptions />
    <Version>1.0.0.1</Version>
    <Managed>0</Managed>
    <Publisher>
      <UniqueName>DefaultPublisherorg4cc149bf</UniqueName>
      <LocalizedNames>
        <LocalizedName description="Default Publisher for org4cc149bf" languagecode="1033" />
      </LocalizedNames>
      <Descriptions>
        <Description description="Default publisher for this organization" languagecode="1033" />
      </Descriptions>
      <EMailAddress xsi:nil="true"></EMailAddress>
      <SupportingWebsiteUrl xsi:nil="true"></SupportingWebsiteUrl>
      <CustomizationPrefix>new</CustomizationPrefix>
      <CustomizationOptionValuePrefix>10000</CustomizationOptionValuePrefix>
      <Addresses>
        <Address>
          <AddressNumber>1</AddressNumber>
          <AddressTypeCode xsi:nil="true"></AddressTypeCode>
          <City xsi:nil="true"></City>
          <County xsi:nil="true"></County>
          <Country xsi:nil="true"></Country>
          <Fax xsi:nil="true"></Fax>
          <FreightTermsCode xsi:nil="true"></FreightTermsCode>
          <ImportSequenceNumber xsi:nil="true"></ImportSequenceNumber>
          <Latitude xsi:nil="true"></Latitude>
          <Line1 xsi:nil="true"></Line1>
          <Line2 xsi:nil="true"></Line2>
          <Line3 xsi:nil="true"></Line3>
          <Longitude xsi:nil="true"></Longitude>
          <Name xsi:nil="true"></Name>
          <PostalCode xsi:nil="true"></PostalCode>
          <PostOfficeBox xsi:nil="true"></PostOfficeBox>
          <PrimaryContactName xsi:nil="true"></PrimaryContactName>
          <ShippingMethodCode xsi:nil="true"></ShippingMethodCode>
          <StateOrProvince xsi:nil="true"></StateOrProvince>
          <Telephone1 xsi:nil="true"></Telephone1>
          <Telephone2 xsi:nil="true"></Telephone2>
          <Telephone3 xsi:nil="true"></Telephone3>
          <TimeZoneRuleVersionNumber xsi:nil="true"></TimeZoneRuleVersionNumber>
          <UPSZone xsi:nil="true"></UPSZone>
          <UTCOffset xsi:nil="true"></UTCOffset>
          <UTCConversionTimeZoneCode xsi:nil="true"></UTCConversionTimeZoneCode>
        </Address>
        <Address>
          <AddressNumber>2</AddressNumber>
          <AddressTypeCode xsi:nil="true"></AddressTypeCode>
          <City xsi:nil="true"></City>
          <County xsi:nil="true"></County>
          <Country xsi:nil="true"></Country>
          <Fax xsi:nil="true"></Fax>
          <FreightTermsCode xsi:nil="true"></FreightTermsCode>
          <ImportSequenceNumber xsi:nil="true"></ImportSequenceNumber>
          <Latitude xsi:nil="true"></Latitude>
          <Line1 xsi:nil="true"></Line1>
          <Line2 xsi:nil="true"></Line2>
          <Line3 xsi:nil="true"></Line3>
          <Longitude xsi:nil="true"></Longitude>
          <Name xsi:nil="true"></Name>
          <PostalCode xsi:nil="true"></PostalCode>
          <PostOfficeBox xsi:nil="true"></PostOfficeBox>
          <PrimaryContactName xsi:nil="true"></PrimaryContactName>
          <ShippingMethodCode xsi:nil="true"></ShippingMethodCode>
          <StateOrProvince xsi:nil="true"></StateOrProvince>
          <Telephone1 xsi:nil="true"></Telephone1>
          <Telephone2 xsi:nil="true"></Telephone2>
          <Telephone3 xsi:nil="true"></Telephone3>
          <TimeZoneRuleVersionNumber xsi:nil="true"></TimeZoneRuleVersionNumber>
          <UPSZone xsi:nil="true"></UPSZone>
          <UTCOffset xsi:nil="true"></UTCOffset>
          <UTCConversionTimeZoneCode xsi:nil="true"></UTCConversionTimeZoneCode>
        </Address>
      </Addresses>
    </Publisher>
    <RootComponents>
      <RootComponent type="29" id="{0c9df5cd-3481-f011-b4cc-002248568f42}" behavior="0" />
      <RootComponent type="29" id="{1290e981-167c-f011-b4cc-002248568f42}" behavior="0" />
      <RootComponent type="29" id="{39b38948-9b81-f011-b4cc-002248568f42}" behavior="0" />
      <RootComponent type="29" id="{77d92e3f-2481-f011-b4cc-002248568f42}" behavior="0" />
      <RootComponent type="29" id="{7a692132-dc80-f011-b4cc-002248568f42}" behavior="0" />
      <RootComponent type="29" id="{7f1dfac5-a07c-f011-b4cc-002248568f42}" behavior="0" />
      <RootComponent type="29" id="{86343f44-4681-f011-b4cc-002248568f42}" behavior="0" />
      <RootComponent type="29" id="{93714196-2e81-f011-b4cc-002248568f42}" behavior="0" />
      <RootComponent type="29" id="{c015cf04-397c-f011-b4cc-002248568f42}" behavior="0" />
      <RootComponent type="29" id="{cb480113-3a7f-f011-b4cc-002248568f42}" behavior="0" />
      <RootComponent type="29" id="{e523eeae-f581-f011-b4cc-002248568f42}" behavior="0" />
      <RootComponent type="29" id="{e8ad1888-557b-f011-b4cc-002248568f42}" behavior="0" />
      <RootComponent type="29" id="{ea08f6f0-197b-f011-b4cc-002248568f42}" behavior="0" />
      <RootComponent type="29" id="{ef75a8cd-3e81-f011-b4cc-002248568f42}" behavior="0" />
      <RootComponent type="29" id="{f7840e52-947c-f011-b4cc-002248568f42}" behavior="0" />
    </RootComponents>
    <MissingDependencies />
  </SolutionManifest>
</ImportExportXml>