<environmentvariabledefinition schemaname="new_SP_SiteURL">
  <defaultvalue>https://ranosys.sharepoint.com/sites/AXA-ResourceRequestingSystem</defaultvalue>
  <description default="Share Point Env Site URL">
    <label description="Share Point Env Site URL" languagecode="1033" />
  </description>
  <displayname default="SP_SiteURL">
    <label description="SP_SiteURL" languagecode="1033" />
  </displayname>
  <introducedversion>1.0.0.0</introducedversion>
  <iscustomizable>1</iscustomizable>
  <isrequired>0</isrequired>
  <secretstore>0</secretstore>
  <type>100000000</type>
</environmentvariabledefinition>